URL_LENGTH,NUMBER_SPECIAL_CHARACTERS,CONTENT_LENGTH,TCP_CONVERSATION_EXCHANGE,DIST_REMOTE_TCP_PORT,REMOTE_IPS,APP_BYTES,SOURCE_APP_PACKETS,REMOTE_APP_PACKETS,APP_PACKETS,DNS_QUERY_TIMES,Type
16,7,263,7,0,2,700,9,10,9,2,1
16,6,15087,17,7,4,1230,17,19,17,0,0
16,6,324,0,0,0,0,0,0,0,0,0
17,6,162,31,22,3,3812,39,37,39,8,0
17,6,124140,57,2,5,4278,61,62,61,4,0
18,7,NA,11,6,9,894,11,13,11,0,0
18,6,345,12,0,3,1189,14,13,14,2,0
19,6,324,0,0,0,0,0,0,0,0,0
20,5,NA,0,0,0,0,2,3,2,2,1
20,5,NA,0,0,0,0,2,1,2,2,1
20,6,NA,0,0,0,0,0,0,0,0,0
20,6,324,0,0,0,0,0,0,0,0,0
20,7,13716,16,6,8,1492,20,20,20,4,0
20,6,3692,25,19,4,3946,35,29,35,10,0
20,7,13054,0,0,0,0,0,0,0,0,0
21,7,957,7,0,1,717,11,10,11,4,1
21,7,686,6,0,2,603,8,9,8,2,1
21,6,324,7,7,3,618,7,9,7,0,0
21,6,15025,13,1,5,1099,15,17,15,2,0
22,7,324,9,0,4,850,11,9,11,2,1
22,6,NA,39,29,6,3833,43,42,43,4,0
22,6,318,8,6,6,696,8,10,8,0,0
22,6,224,4,3,2,420,4,6,4,0,0
22,7,4421,12,0,2,2259,16,12,16,4,0
22,6,NA,6,0,3,650,10,10,10,4,0
22,6,441,0,0,0,0,0,0,0,0,0
22,6,NA,0,0,0,0,0,0,0,0,0
22,6,6671,0,0,0,0,0,0,0,0,0
23,6,NA,16,3,11,1696,18,20,18,2,0
23,6,434,0,0,0,0,0,0,0,0,0
23,6,324,0,0,0,0,0,0,0,0,0
23,6,13001,0,0,0,0,0,0,0,0,0
23,7,3257,0,0,0,0,0,0,0,0,0
23,6,6748,7,4,5,630,7,4,7,0,0
23,7,NA,24,5,8,1740,24,11,24,0,0
23,6,NA,19,7,6,2404,23,20,23,4,0
23,6,NA,19,14,6,1980,23,25,23,4,0
23,6,NA,4,0,1,519,8,8,8,4,0
23,6,NA,10,0,5,1186,14,15,14,4,0
23,6,NA,43,4,4,5738,47,50,47,4,0
23,6,240,8,0,2,723,10,11,10,2,0
23,6,3985,40,17,16,3285,46,45,46,6,0
23,6,324,0,0,0,0,0,0,0,0,0
24,8,6173,2,0,1,132,2,5,2,0,1
24,9,319,7,0,2,720,9,10,9,2,1
24,6,NA,84,54,5,10490,96,106,96,12,0
24,6,34,65,3,5,6286,69,75,69,4,0
24,7,NA,14,6,6,1907,18,18,18,4,0
24,6,1778,7,7,3,618,7,9,7,0,0
24,6,NA,6,3,2,528,6,4,6,0,0
24,6,324,6,4,4,564,6,8,6,0,0
24,8,224,19,2,4,2131,23,23,23,4,0
24,6,NA,12,2,7,984,16,16,16,4,0
24,7,318,21,1,8,1606,25,13,25,4,0
24,7,NA,16,6,8,2279,22,22,22,6,0
24,6,345,19,5,9,1390,21,25,21,2,0
24,6,756,23,3,15,2485,27,28,27,4,0
25,6,NA,0,0,0,0,0,0,0,0,0
25,7,NA,0,0,0,0,0,0,0,0,0
25,6,14839,0,0,0,0,0,0,0,0,0
25,6,324,5,2,4,474,5,4,5,0,0
25,6,NA,6,5,2,564,6,7,6,0,0
25,6,NA,12,0,5,1327,16,17,16,4,0
25,6,658,11,3,4,1232,15,16,15,4,0
25,6,NA,18,7,9,1586,22,17,22,4,0
25,6,NA,36,17,9,4737,42,35,42,6,0
25,6,195,0,0,0,0,0,0,0,0,0
25,6,324,0,0,0,0,0,0,0,0,0
25,6,NA,0,0,0,0,0,0,0,0,0
26,8,NA,12,0,2,1052,14,14,14,2,1
26,8,NA,9,1,2,878,11,12,11,2,1
26,7,4166,24,0,3,2508,30,30,30,6,1
26,7,962,9,0,4,842,11,12,11,2,1
26,7,962,7,0,2,722,11,10,11,4,1
26,7,962,7,0,2,722,11,9,11,4,1
26,6,2688,0,0,0,0,0,0,0,0,0
26,7,NA,0,0,0,0,0,0,0,0,0
26,6,NA,0,0,0,0,0,0,0,0,0
26,6,199,0,0,0,0,0,0,0,0,0
26,6,3548,13,0,1,1378,19,19,19,6,0
26,7,NA,26,19,5,2727,30,19,30,4,0
26,6,0,43,39,3,6325,53,50,53,10,0
26,6,5426,9,7,4,702,9,10,9,0,0
26,7,NA,11,9,7,882,11,9,11,0,0
26,6,NA,4,3,2,396,4,6,4,0,0
26,6,345,43,0,2,3252,47,47,47,4,0
26,7,NA,46,12,11,3783,50,18,50,4,0
26,7,NA,21,8,9,2373,25,27,25,4,0
26,6,NA,7,0,2,984,11,12,11,4,0
26,6,NA,0,0,0,0,0,0,0,0,0
26,6,324,0,0,0,0,0,0,0,0,0
26,6,NA,0,0,0,0,0,0,0,0,0
26,6,NA,0,0,0,0,0,0,0,0,0
26,6,NA,0,0,0,0,0,0,0,0,0
27,7,8756,38,0,3,4207,44,45,44,6,1
27,7,193,9,0,1,1838,11,13,11,2,1
27,8,NA,0,0,0,0,0,0,0,0,0
27,6,324,0,0,0,0,0,0,0,0,0
27,6,NA,3,3,1,366,3,5,3,0,0
27,6,NA,40,13,14,3781,46,44,46,6,0
27,6,7967,6,0,4,631,8,11,8,2,0
27,7,11506,0,0,0,0,0,0,0,0,0
28,9,NA,5,0,1,592,7,9,7,2,1
28,7,324,5,0,2,556,9,9,9,4,1
28,8,39036,0,0,0,0,0,0,0,0,0
28,6,NA,0,0,0,0,0,0,0,0,0
28,7,NA,0,0,0,0,0,0,0,0,0
28,7,NA,0,0,0,0,0,0,0,0,0
28,7,NA,6,4,3,552,6,8,6,0,0
28,7,NA,8,4,6,696,8,10,8,0,0
28,6,324,5,3,3,474,5,6,5,0,0
28,7,8578,21,7,5,2830,29,25,29,8,0
28,6,10576,14,9,2,2094,14,12,14,0,0
28,7,324,17,1,7,1848,23,24,23,6,0
28,7,12846,17,12,3,2314,23,27,23,6,0
28,7,6666,66,5,11,6311,70,64,70,4,0
28,6,445,28,5,8,2324,30,33,30,2,0
28,8,NA,6,0,3,632,8,8,8,2,0
28,7,324,33,26,4,3590,39,48,39,6,0
28,6,NA,0,0,0,0,0,0,0,0,0
28,6,NA,26,19,3,2632,30,36,30,4,0
28,6,18438,0,0,0,0,0,0,0,0,0
29,7,7314,34,0,2,2934,40,40,40,6,1
29,7,324,5,0,2,593,7,8,7,2,1
29,6,NA,0,0,0,0,0,0,0,0,0
29,6,0,0,0,0,0,0,0,0,0,0
29,8,9136,0,0,0,0,0,0,0,0,0
29,6,5019,0,0,0,0,0,0,0,0,0
29,7,NA,0,0,0,0,0,0,0,0,0
29,6,210,0,0,0,0,0,0,0,0,0
29,6,8654,0,0,0,0,0,0,0,0,0
29,7,238,0,0,0,0,0,0,0,0,0
29,6,26856,26,6,5,2519,30,30,30,4,0
29,6,324,12,8,6,900,12,9,12,0,0
29,7,NA,709,708,3,2362906,709,837,709,0,0
29,6,10210,5,4,2,486,5,7,5,0,0
29,6,13684,15,8,7,1134,15,9,15,0,0
29,6,324,3,3,1,366,3,5,3,0,0
29,6,770,5,3,3,486,5,7,5,0,0
29,8,6813,17,9,10,1249,17,15,17,0,0
29,6,324,34,9,6,2861,38,26,38,4,0
29,6,34,10,2,9,612,12,14,12,2,0
29,7,NA,32,21,8,4561,38,36,38,6,0
29,8,20404,33,6,5,3533,37,35,37,4,0
29,8,NA,28,0,5,3183,36,33,36,8,0
29,6,7159,21,6,11,1515,23,18,23,2,0
29,6,NA,24,1,3,2195,29,30,29,4,0
29,6,388,0,0,0,0,0,0,0,0,0
29,6,199,0,0,0,0,0,0,0,0,0
29,8,324,0,0,0,0,0,0,0,0,0
29,6,NA,0,0,0,0,0,0,0,0,0
29,6,NA,0,0,0,0,0,0,0,0,0
30,8,177,7,0,2,666,9,9,9,2,1
30,6,NA,0,0,0,0,0,0,0,0,0
30,6,199,0,0,0,0,0,0,0,0,0
30,7,NA,14,9,3,1918,18,17,18,4,0
30,6,NA,62,52,12,8974,76,69,76,14,0
30,6,NA,22,17,2,3914,28,27,28,6,0
30,6,NA,18,17,5,1188,18,19,18,0,0
30,6,NA,6,4,4,552,6,9,6,0,0
30,6,14703,2,2,1,276,2,4,2,0,0
30,6,8751,15,2,6,1528,19,17,19,4,0
30,6,324,90,6,14,8646,92,100,92,2,0
30,7,NA,31,26,2,4412,37,37,37,6,0
30,6,NA,31,23,3,3605,39,41,39,8,0
30,6,NA,76,47,12,9007,88,44,88,12,0
30,7,350,23,1,10,1902,27,26,27,4,0
30,7,NA,48,3,6,3418,52,48,52,4,0
30,8,NA,0,0,0,0,0,0,0,0,0
30,6,NA,0,0,0,0,0,0,0,0,0
30,7,NA,0,0,0,0,0,0,0,0,0
31,7,324,7,0,2,707,11,11,11,4,1
31,8,604,0,0,0,0,0,0,0,0,0
31,7,287,0,0,0,0,0,0,0,0,0
31,7,NA,0,0,0,0,0,0,0,0,0
31,8,65815,0,0,0,0,0,0,0,0,0
31,6,NA,65,53,14,8568,77,70,77,12,0
31,6,NA,9,3,7,738,9,12,9,0,0
31,7,4075,4,3,2,432,4,6,4,0,0
31,8,287,5,0,1,593,9,9,9,4,0
31,7,NA,28,13,13,2773,32,32,32,4,0
31,7,5132,27,0,3,2743,33,33,33,6,0
31,6,324,23,1,4,2262,29,28,29,6,0
31,6,324,18,14,3,2201,22,23,22,4,0
31,6,NA,23,17,3,3981,29,27,29,6,0
31,8,324,103,0,3,7073,105,113,105,2,0
31,6,NA,13,8,8,1355,16,16,16,2,0
31,7,NA,57,45,12,8136,69,64,69,12,0
31,7,22004,0,0,0,0,0,0,0,0,0
31,6,NA,0,0,0,0,0,0,0,0,0
31,7,345,0,0,0,0,0,0,0,0,0
32,11,643,22,1,5,2783,30,26,30,8,1
32,9,637,14,1,4,1457,20,16,20,6,1
32,8,NA,0,0,0,0,0,0,0,0,0
32,6,34,0,0,0,0,0,0,0,0,0
32,8,NA,0,0,0,0,0,0,0,0,0
32,9,420762,17,5,8,1314,19,26,19,2,0
32,8,1399,0,0,0,0,0,0,0,0,0
32,6,NA,0,0,0,0,0,0,0,0,0
32,7,NA,0,0,0,0,0,0,0,0,0
32,7,NA,14,10,2,2000,20,20,20,6,0
32,7,NA,49,42,5,7613,61,52,61,12,0
32,8,NA,24,0,4,2176,28,29,28,4,0
32,6,NA,4,3,2,432,4,5,4,0,0
32,8,328,5,3,2,474,5,7,5,0,0
32,7,NA,94,0,4,11902,102,121,102,8,0
32,8,324,11,10,6,798,11,15,11,0,0
32,6,199,6,3,4,564,6,7,6,0,0
32,8,334,8,1,4,816,10,13,10,2,0
32,7,287,71,0,3,10999,73,70,73,2,0
32,7,20212,43,26,14,4214,49,28,49,6,0
32,8,NA,36,0,2,3185,40,40,40,4,0
32,8,NA,24,2,4,1888,28,25,28,4,0
32,7,NA,7,0,3,734,11,12,11,4,0
32,7,11827,38,2,5,4607,42,35,42,4,0
32,8,1108,13,0,2,2065,17,16,17,4,0
32,7,324,0,0,0,0,0,0,0,0,0
33,11,646,13,1,5,1497,17,14,17,4,1
33,9,637,23,1,5,2851,31,26,31,8,1
33,9,640,18,1,5,2147,24,20,24,6,1
33,9,643,4,0,4,264,4,6,4,0,1
33,9,NA,14,1,8,1151,18,15,18,4,1
33,11,NA,8,0,2,1045,12,11,12,4,1
33,7,NA,0,0,0,0,0,0,0,0,0
33,8,NA,0,0,0,0,0,0,0,0,0
33,8,NA,0,0,0,0,0,0,0,0,0
33,6,NA,0,0,0,0,0,0,0,0,0
33,6,NA,0,0,0,0,0,0,0,0,0
33,6,19890,0,0,0,0,0,0,0,0,0
33,8,NA,0,0,0,0,0,0,0,0,0
33,9,18302,0,0,0,0,0,0,0,0,0
33,7,318,0,0,0,0,0,0,0,0,0
33,8,NA,52,7,8,3438,56,51,56,4,0
33,7,NA,4,3,2,420,4,5,4,0,0
33,6,NA,7,5,4,606,7,6,7,0,0
33,8,NA,32,11,6,3694,40,32,40,8,0
33,7,60722,4,2,3,408,4,6,4,0,0
33,6,NA,8,4,5,660,8,9,8,0,0
33,6,NA,5,4,2,486,5,7,5,0,0
33,8,NA,10,4,4,816,10,6,10,0,0
33,6,39,24,1,4,3375,28,30,28,4,0
33,8,1371,19,0,3,2042,27,27,27,8,0
33,7,NA,105,98,7,8692,111,130,111,6,0
33,6,NA,0,0,0,0,0,0,0,0,0
34,11,655,27,5,8,2721,35,27,35,8,1
34,11,649,15,1,5,1632,21,18,21,6,1
34,9,NA,26,0,3,3569,32,31,32,6,1
34,9,214,9,0,4,850,11,14,11,2,1
34,6,18298,0,0,0,0,0,0,0,0,0
34,7,324,0,0,0,0,0,0,0,0,0
34,7,1819,0,0,0,0,0,0,0,0,0
34,7,1819,33,27,2,5235,41,40,41,8,0
34,8,NA,0,0,0,0,0,0,0,0,0
34,6,NA,0,0,0,0,0,0,0,0,0
34,7,NA,0,0,0,0,0,0,0,0,0
34,7,NA,0,0,0,0,0,0,0,0,0
34,7,6474,6,3,4,552,6,9,6,0,0
34,7,NA,8,6,5,696,8,10,8,0,0
34,6,NA,34,9,9,2412,34,7,34,0,0
34,7,NA,3,3,1,366,3,5,3,0,0
34,9,1486,5,3,2,498,5,5,5,0,0
34,9,10892,3,3,1,366,3,4,3,0,0
34,9,NA,4,3,2,432,4,5,4,0,0
34,8,7255,17,1,2,1661,23,26,23,6,0
34,7,6608,42,0,3,4895,46,45,46,4,0
34,6,NA,34,25,9,3787,42,42,42,8,0
34,9,111,21,0,5,2292,23,24,23,2,0
34,6,NA,24,20,2,4372,31,33,31,6,0
34,8,996,7,0,2,716,11,10,11,4,0
34,7,1501,23,3,11,2042,29,29,29,6,0
34,7,NA,0,0,0,0,0,0,0,0,0
34,7,NA,0,0,0,0,0,0,0,0,0
34,6,324,0,0,0,0,0,0,0,0,0
35,9,7314,39,0,3,3240,45,45,45,6,1
35,9,7314,39,0,2,3240,45,45,45,6,1
35,11,NA,18,0,2,2102,20,21,20,2,1
35,11,652,15,1,5,1635,21,17,21,6,1
35,11,652,21,1,5,2367,29,26,29,8,1
35,9,646,12,1,5,1340,16,12,16,4,1
35,11,652,19,1,5,2223,25,20,25,6,1
35,11,652,18,1,5,2157,24,22,24,6,1
35,11,652,19,1,5,2223,25,22,25,6,1
35,11,652,23,1,5,2864,31,25,31,8,1
35,8,NA,15,1,2,1850,21,23,21,6,1
35,9,NA,0,0,0,0,0,0,0,0,0
35,8,4685,0,0,0,0,0,0,0,0,0
35,8,NA,0,0,0,0,0,0,0,0,0
35,6,324,22,15,8,1527,24,25,24,2,0
35,8,NA,21,1,4,2435,25,25,25,4,0
35,9,324,49,10,6,2961,53,61,53,4,0
35,9,39362,4,3,2,420,4,4,4,0,0
35,7,NA,3,3,1,366,3,4,3,0,0
35,9,NA,4,3,2,432,4,6,4,0,0
35,10,NA,10,9,4,756,10,12,10,0,0
35,7,14462,8,6,6,696,8,5,8,0,0
35,9,NA,4,4,2,432,4,6,4,0,0
35,8,NA,21,12,12,1446,21,24,21,0,0
35,7,289,5,4,3,474,5,6,5,0,0
35,6,324,23,8,5,3087,29,27,29,6,0
35,7,38115,45,3,7,3507,49,46,49,4,0
35,8,NA,37,0,3,3263,43,42,43,6,0
35,9,NA,12,2,6,1258,16,17,16,4,0
35,9,NA,44,40,6,6945,56,51,56,12,0
35,7,8813,41,6,4,4769,45,42,45,4,0
35,8,1002,32,5,8,2965,36,39,36,4,0
35,7,16875,0,0,0,0,0,0,0,0,0
35,8,NA,27,1,5,2771,31,33,31,4,0
35,7,330,16,9,8,1275,18,23,18,2,0
35,6,NA,0,0,0,0,0,0,0,0,0
35,8,1002,0,0,0,0,0,0,0,0,0
36,10,655,208,18,9,20074,228,216,228,20,1
36,11,655,7,1,5,466,11,10,11,4,1
36,11,655,17,1,7,1770,23,17,23,6,1
36,9,646,11,1,4,1266,15,12,15,4,1
36,11,655,21,1,5,2359,29,23,29,8,1
36,11,655,19,1,5,2227,27,23,27,8,1
36,8,NA,6,0,4,372,8,10,8,2,1
36,8,10133,0,0,0,0,0,0,0,0,0
36,8,324,0,0,0,0,0,0,0,0,0
36,7,NA,0,0,0,0,0,0,0,0,0
36,6,1108,0,0,0,0,0,0,0,0,0
36,7,324,0,0,0,0,0,0,0,0,0
36,7,NA,0,0,0,0,0,0,0,0,0
36,8,NA,18,2,8,1432,20,27,20,2,0
36,8,NA,14,10,6,1096,16,19,16,2,0
36,7,NA,3,3,1,366,3,4,3,0,0
36,8,NA,2,2,1,276,2,3,2,0,0
36,8,NA,5,3,3,498,5,7,5,0,0
36,8,NA,5,3,2,474,5,5,5,0,0
36,8,NA,18,2,6,1706,22,19,22,4,0
36,7,19879,61,7,6,6100,65,79,65,4,0
36,8,NA,85,73,9,7506,91,96,91,6,0
36,7,324,8,0,2,784,10,11,10,2,0
36,8,NA,22,8,4,2680,28,19,28,6,0
36,6,210,3,0,1,466,5,6,5,2,0
36,7,3326,14,7,5,1060,16,18,16,2,0
36,7,293,12,0,4,1331,16,13,16,4,0
36,7,231,7,0,2,730,9,11,9,2,0
36,7,11418,17,0,4,2319,21,21,21,4,0
36,8,NA,0,0,0,0,0,0,0,0,0
36,8,NA,0,0,0,0,0,0,0,0,0
36,7,11692,0,0,0,0,0,0,0,0,0
37,10,NA,49,0,1,3505,51,53,51,2,1
37,9,296,2,0,2,128,4,5,4,2,1
37,9,162,1,0,1,66,3,4,3,2,1
37,11,NA,44,2,10,5009,50,50,50,6,1
37,10,NA,12,0,2,1961,16,14,16,4,1
37,9,188,19,0,6,1525,21,13,21,2,1
37,7,NA,0,0,0,0,0,0,0,0,0
37,7,6062,0,0,0,0,0,0,0,0,0
37,7,219,0,0,0,0,0,0,0,0,0
37,9,1002,0,0,0,0,0,0,0,0,0
37,10,14109,0,0,0,0,0,0,0,0,0
37,8,324,0,0,0,0,0,0,0,0,0
37,9,NA,0,0,0,0,0,0,0,0,0
37,8,NA,0,0,0,0,0,0,0,0,0
37,9,8022,23,5,8,1674,23,11,23,0,0
37,9,32441,11,10,7,834,11,14,11,0,0
37,7,7891,6,5,2,540,6,8,6,0,0
37,8,NA,4,2,2,408,4,5,4,0,0
37,8,1840,8,5,5,648,8,11,8,0,0
37,8,12768,6,4,3,540,6,6,6,0,0
37,7,NA,4,0,3,268,6,6,6,2,0
37,9,NA,31,7,12,2531,37,35,37,6,0
37,7,NA,27,23,1,3355,33,35,33,6,0
37,8,NA,44,0,4,3767,48,48,48,4,0
37,8,4297,16,1,6,1607,22,18,22,6,0
37,9,NA,15,6,7,1283,17,15,17,2,0
37,9,NA,21,0,4,1643,23,31,23,2,0
37,8,135444,68,6,7,5207,70,88,70,2,0
37,9,616,18,5,10,2248,26,28,26,8,0
37,8,6944,0,0,0,0,0,0,0,0,0
37,8,1819,0,0,0,0,0,0,0,0,0
37,7,7783,0,0,0,0,0,0,0,0,0
38,10,337,14,4,6,888,14,5,14,0,1
38,11,661,22,1,5,2813,30,27,30,8,1
38,9,2516,15,0,2,2342,21,15,21,6,1
38,9,2516,19,1,3,2594,25,25,25,6,1
38,10,215,7,0,2,734,9,9,9,2,1
38,9,4397,0,0,0,0,0,0,0,0,0
38,8,1819,0,0,0,0,0,0,0,0,0
38,8,NA,18,0,1,1458,20,20,20,2,0
38,8,NA,0,0,0,0,0,0,0,0,0
38,8,39740,0,0,0,0,0,0,0,0,0
38,9,68067,19,0,3,1851,23,23,23,4,0
38,10,40299,0,0,0,0,0,0,0,0,0
38,9,NA,0,0,0,0,0,0,0,0,0
38,8,NA,0,0,0,0,0,0,0,0,0
38,9,NA,0,0,0,0,0,0,0,0,0
38,8,345,0,0,0,0,0,0,0,0,0
38,7,324,0,0,0,0,0,0,0,0,0
38,9,3916,0,0,0,0,0,0,0,0,0
38,8,1819,39,25,11,5509,47,45,47,8,0
38,7,34,7,7,3,618,7,9,7,0,0
38,8,NA,13,13,9,1002,13,16,13,0,0
38,7,1172,4,3,2,432,4,4,4,0,0
38,6,324,6,6,3,540,6,8,6,0,0
38,8,NA,3,2,2,330,3,5,3,0,0
38,7,24087,8,0,3,786,12,9,12,4,0
38,9,618,46,17,7,5306,54,42,54,8,0
38,8,6746,35,8,14,3072,41,31,41,6,0
38,8,324,23,7,7,1967,29,24,29,6,0
38,7,324,13,7,7,1068,15,13,15,2,0
38,6,9555,23,5,9,2823,27,21,27,4,0
38,6,NA,58,40,3,8165,66,77,66,8,0
38,8,1840,23,12,8,3099,27,28,27,4,0
38,10,4929,16,0,5,1927,20,20,20,4,0
38,8,12400,16,0,3,1879,22,20,22,6,0
38,9,42952,35,30,2,4047,41,53,41,6,0
38,7,NA,20,0,3,1578,24,24,24,4,0
38,7,NA,42,20,4,4268,50,40,50,8,0
38,9,NA,288,279,10,20749,294,431,294,6,0
38,8,NA,0,0,0,0,0,0,0,0,0
38,7,7868,44,0,4,5064,50,42,50,6,0
38,9,220,0,0,0,0,0,0,0,0,0
38,7,7797,0,0,0,0,0,0,0,0,0
38,9,NA,0,0,0,0,0,0,0,0,0
39,13,637,4,0,4,264,4,6,4,0,1
39,11,640,11,1,4,1266,15,12,15,4,1
39,11,640,26,5,8,2329,32,25,32,6,1
39,11,661,20,0,6,2328,26,26,26,6,1
39,9,2516,20,0,2,2976,26,23,26,6,1
39,10,216,8,0,1,809,12,11,12,4,1
39,8,NA,0,0,0,0,0,0,0,0,0
39,7,256306,0,0,0,0,0,0,0,0,0
39,8,NA,0,0,0,0,0,0,0,0,0
39,9,NA,0,0,0,0,0,0,0,0,0
39,9,NA,0,0,0,0,0,0,0,0,0
39,9,NA,0,0,0,0,0,0,0,0,0
39,9,NA,0,0,0,0,0,0,0,0,0
39,9,NA,0,0,0,0,0,0,0,0,0
39,8,404,0,0,0,0,0,0,0,0,0
39,9,NA,0,0,0,0,0,0,0,0,0
39,8,NA,0,0,0,0,0,0,0,0,0
39,8,NA,0,0,0,0,0,0,0,0,0
39,7,7472,0,0,0,0,0,0,0,0,0
39,8,3063,0,0,0,0,0,0,0,0,0
39,8,NA,0,0,0,0,0,0,0,0,0
39,6,NA,30,26,1,3521,36,37,36,6,0
39,8,NA,0,0,0,0,0,0,0,0,0
39,7,12985,0,0,0,0,0,0,0,0,0
39,8,NA,0,0,0,0,0,0,0,0,0
39,8,9352,0,0,0,0,0,0,0,0,0
39,8,NA,0,0,0,0,0,0,0,0,0
39,7,NA,0,0,0,0,0,0,0,0,0
39,8,NA,61,52,4,7271,71,68,71,10,0
39,8,NA,0,0,0,0,0,0,0,0,0
39,10,NA,0,0,0,0,0,0,0,0,0
39,8,NA,8,0,2,1059,12,11,12,4,0
39,8,NA,16,7,3,2241,22,20,22,6,0
39,8,NA,64,48,8,6413,72,68,72,8,0
39,8,NA,2,2,1,276,2,4,2,0,0
39,8,NA,16,6,4,1224,16,4,16,0,0
39,8,NA,34,24,7,5528,34,22,34,0,0
39,8,NA,6,2,3,492,6,3,6,0,0
39,8,NA,5,3,2,498,5,7,5,0,0
39,8,9050,22,9,9,1560,22,18,22,0,0
39,8,NA,22,9,10,1524,22,11,22,0,0
39,8,NA,2,2,1,276,2,4,2,0,0
39,9,620,3,3,1,366,3,5,3,0,0
39,8,NA,18,7,11,1308,18,16,18,0,0
39,9,889,10,4,5,816,10,7,10,0,0
39,9,1502,8,4,6,684,8,12,8,0,0
39,9,NA,4,3,2,420,4,5,4,0,0
39,10,NA,3,3,1,366,3,4,3,0,0
39,10,NA,12,5,5,912,12,4,12,0,0
39,7,340,11,5,5,894,11,10,11,0,0
39,9,NA,9,8,6,714,9,11,9,0,0
39,9,NA,25,11,4,3771,33,32,33,8,0
39,8,1002,10,2,7,927,14,20,14,4,0
39,8,NA,23,6,10,2679,29,26,29,6,0
39,7,NA,28,6,13,2721,30,29,30,2,0
39,9,NA,63,54,5,6884,73,70,73,10,0
39,7,431,9,0,1,865,11,12,11,2,0
39,9,1500,40,11,12,6028,46,46,46,6,0
39,8,NA,44,36,6,5129,52,68,52,8,0
39,9,1819,38,33,1,6419,48,47,48,10,0
39,6,NA,71,67,7,7582,79,73,79,8,0
39,8,324,12,6,9,1063,14,16,14,2,0
39,8,NA,24,13,8,2750,30,32,30,6,0
39,9,NA,23,17,8,1970,27,26,27,4,0
39,8,NA,69,60,5,8450,81,80,81,12,0
39,9,NA,64,56,5,7076,74,71,74,10,0
39,10,8507,13,3,7,1313,17,18,17,4,0
39,9,NA,62,50,5,6269,70,65,70,8,0
39,10,NA,57,49,5,5951,65,64,65,8,0
39,9,121211,35,0,2,3234,38,38,38,2,0
39,8,NA,60,51,4,6503,69,66,69,8,0
39,9,NA,0,0,0,0,0,0,0,0,0
39,8,NA,0,0,0,0,0,0,0,0,0
39,8,NA,0,0,0,0,0,0,0,0,0
39,8,NA,0,0,0,0,0,0,0,0,0
39,8,NA,0,0,0,0,0,0,0,0,0
39,8,NA,66,56,7,8252,78,77,78,12,0
39,8,NA,0,0,0,0,0,0,0,0,0
39,9,58,0,0,0,0,0,0,0,0,0
39,8,1007,0,0,0,0,0,0,0,0,0
39,7,NA,0,0,0,0,0,0,0,0,0
39,8,NA,0,0,0,0,0,0,0,0,0
39,8,NA,0,0,0,0,0,0,0,0,0
39,9,NA,0,0,0,0,0,0,0,0,0
39,8,NA,0,0,0,0,0,0,0,0,0
39,8,NA,0,0,0,0,0,0,0,0,0
40,13,637,12,1,5,1340,16,12,16,4,1
40,13,640,12,1,4,1325,18,14,18,6,1
40,13,643,11,1,4,1266,15,12,15,4,1
40,11,667,21,1,5,2383,29,25,29,8,1
40,11,667,19,1,5,2243,25,22,25,6,1
40,10,3016,11,0,2,1285,17,18,17,6,1
40,9,2516,19,0,2,2610,25,22,25,6,1
40,9,NA,0,0,0,0,0,0,0,0,0
40,9,NA,0,0,0,0,0,0,0,0,0
40,7,7283,0,0,0,0,0,0,0,0,0
40,10,12513,0,0,0,0,0,0,0,0,0
40,7,13183,0,0,0,0,0,0,0,0,0
40,7,6222,0,0,0,0,0,0,0,0,0
40,9,7942,8,0,2,1016,12,14,12,4,0
40,7,NA,0,0,0,0,0,0,0,0,0
40,9,NA,0,0,0,0,0,0,0,0,0
40,8,NA,0,0,0,0,0,0,0,0,0
40,9,NA,0,0,0,0,0,0,0,0,0
40,12,3013,0,0,0,0,0,0,0,0,0
40,11,NA,0,0,0,0,0,0,0,0,0
40,10,4692,7,4,3,630,7,5,7,0,0
40,7,9433,3,3,1,366,3,5,3,0,0
40,9,NA,14,12,5,1092,14,4,14,0,0
40,9,324,3,3,1,366,3,5,3,0,0
40,8,11590,156,17,12,23383,162,206,162,6,0
40,9,230,5,3,3,486,5,4,5,0,0
40,6,NA,12,4,8,924,12,10,12,0,0
40,7,618,24,6,4,1784,26,27,26,2,0
40,8,NA,17,3,9,1394,19,20,19,2,0
40,9,NA,16,11,2,2272,20,26,20,4,0
40,9,622,8,1,3,1088,14,13,14,6,0
40,9,NA,21,0,2,2021,23,25,23,2,0
40,6,324,22,0,2,1724,24,26,24,2,0
40,7,NA,76,9,7,8268,84,88,84,8,0
40,6,1108,15,10,4,1166,19,19,19,4,0
40,9,NA,26,1,3,4229,30,36,30,4,0
40,9,63279,56,4,8,4551,60,59,60,4,0
40,8,15240,8,4,1,1325,12,12,12,4,0
40,9,65993,24,0,9,2112,28,29,28,4,0
40,7,1819,48,41,9,6057,56,54,56,8,0
40,8,NA,16,5,5,1615,20,23,20,4,0
40,8,15363,20,5,9,2948,24,27,24,4,0
40,6,411,14,1,3,1981,20,19,20,6,0
40,7,38119,38,1,3,2995,44,37,44,6,0
40,9,NA,0,0,0,0,0,0,0,0,0
40,9,NA,0,0,0,0,0,0,0,0,0
40,7,6498,0,0,0,0,0,0,0,0,0
40,9,622,0,0,0,0,0,0,0,0,0
41,13,643,9,0,3,1142,13,12,13,4,1
41,11,670,15,1,5,1653,21,19,21,6,1
41,10,2516,24,0,2,4034,30,26,30,6,1
41,11,27103,22,0,3,2316,26,28,26,4,1
41,10,218,7,0,1,737,11,10,11,4,1
41,6,318,8,0,2,1089,14,13,14,6,0
41,8,NA,0,0,0,0,0,0,0,0,0
41,8,65473,0,0,0,0,0,0,0,0,0
41,9,NA,0,0,0,0,0,0,0,0,0
41,8,324,0,0,0,0,0,0,0,0,0
41,10,NA,0,0,0,0,0,0,0,0,0
41,9,NA,0,0,0,0,0,2,0,0,0
41,9,NA,3,3,1,366,3,4,3,0,0
41,9,NA,7,5,5,630,7,7,7,0,0
41,9,7065,5,3,3,576,6,8,6,0,0
41,7,10588,20,0,2,1895,22,24,22,2,0
41,8,NA,8,0,1,1078,12,12,12,4,0
41,9,NA,34,27,3,4891,42,37,42,8,0
41,7,281,18,0,3,1868,22,23,22,4,0
41,8,324,10,3,5,1202,14,16,14,4,0
41,8,NA,34,11,4,3699,40,38,40,6,0
41,8,NA,26,0,8,2657,30,35,30,4,0
41,10,13,8,3,8,552,8,5,8,0,0
41,8,NA,40,12,6,3079,44,53,44,4,0
41,8,NA,1,0,1,54,1,2,1,0,0
41,10,NA,10,1,4,1198,16,16,16,6,0
41,9,NA,101,41,5,10813,110,101,110,8,0
41,10,9817,0,0,0,0,0,0,0,0,0
41,9,NA,0,0,0,0,0,0,0,0,0
41,9,NA,0,0,0,0,0,0,0,0,0
42,13,646,7,1,5,466,11,10,11,4,1
42,11,673,18,1,4,2185,24,21,24,6,1
42,11,673,18,1,5,2185,24,21,24,6,1
42,10,NA,15,0,3,2124,17,20,17,2,1
42,10,2516,24,0,2,4035,30,25,30,6,1
42,10,2516,25,0,2,4101,31,28,31,6,1
42,10,2516,23,0,2,3969,29,24,29,6,1
42,10,2516,25,0,2,4101,31,28,31,6,1
42,8,895,15,0,6,1980,19,17,19,4,1
42,7,NA,51,11,7,4601,57,55,57,6,0
42,8,NA,0,0,0,0,0,0,0,0,0
42,7,NA,0,0,0,0,0,0,0,0,0
42,10,NA,0,0,0,0,0,0,0,0,0
42,8,7289,0,0,0,0,0,0,0,0,0
42,8,4974,0,0,0,0,0,0,0,0,0
42,10,NA,0,0,0,0,0,0,0,0,0
42,9,4691,0,0,0,0,0,0,0,0,0
42,8,NA,0,0,0,0,0,0,0,0,0
42,11,NA,0,0,0,0,0,0,0,0,0
42,10,1819,0,0,0,0,0,0,0,0,0
42,9,1505,0,0,0,0,0,0,0,0,0
42,9,7509,7,0,2,985,13,12,13,6,0
42,9,5127,4,3,2,432,4,5,4,0,0
42,7,NA,6,4,4,528,6,8,6,0,0
42,9,NA,6,5,2,540,6,7,6,0,0
42,8,NA,5,3,3,498,5,6,5,0,0
42,9,324,8,8,3,636,8,6,8,0,0
42,8,NA,33,0,5,2706,37,35,37,4,0
42,8,2766,33,4,9,3088,41,34,41,8,0
42,8,NA,28,20,2,2780,32,36,32,4,0
42,9,NA,15,6,10,950,17,18,17,2,0
42,7,NA,19,15,3,2864,23,26,23,4,0
42,9,10561,15,4,4,1540,19,21,19,4,0
42,9,8769,5,0,3,334,7,6,7,2,0
42,7,12608,71,9,13,7856,77,68,77,6,0
42,9,324,29,14,15,2767,33,27,33,4,0
42,8,94,14,0,3,1102,16,8,16,2,0
42,8,NA,0,0,0,0,0,0,0,0,0
42,8,324,0,0,0,0,0,0,0,0,0
42,8,NA,22,15,2,2432,26,32,26,4,0
42,9,NA,0,0,0,0,0,0,0,0,0
42,7,497,0,0,0,0,0,0,0,0,0
42,7,NA,0,0,0,0,0,0,0,0,0
43,13,646,11,1,4,1266,15,12,15,4,1
43,11,673,18,1,5,2188,24,22,24,6,1
43,10,2516,23,0,2,3970,29,27,29,6,1
43,11,NA,10,0,5,925,12,12,12,2,1
43,10,NA,8,0,1,1045,10,9,10,2,1
43,10,7550,11,0,1,883,13,13,13,2,1
43,10,NA,0,0,0,0,0,2,0,0,1
43,8,324,0,0,0,0,0,0,0,0,0
43,9,NA,0,0,0,0,0,0,0,0,0
43,9,NA,0,0,0,0,0,0,0,0,0
43,9,NA,0,0,0,0,0,0,0,0,0
43,8,236,16,0,1,1151,18,19,18,2,0
43,8,NA,0,0,0,0,0,0,0,0,0
43,9,NA,0,0,0,0,0,0,0,0,0
43,8,NA,15,6,5,1528,21,21,21,6,0
43,7,NA,15,3,4,1110,15,4,15,0,0
43,9,NA,29,10,11,2022,29,12,29,0,0
43,7,324,39,9,5,4044,43,39,43,4,0
43,8,13089,4,3,2,408,4,7,4,0,0
43,9,19724,4,3,2,420,4,6,4,0,0
43,9,NA,9,5,6,750,9,8,9,0,0
43,9,NA,33,1,4,2756,37,37,37,4,0
43,9,389,83,2,3,6008,87,107,87,4,0
43,8,NA,84,13,6,7403,86,71,86,2,0
43,9,6744,22,3,8,2267,28,31,28,6,0
43,12,5653,8,0,3,803,12,12,12,4,0
43,8,324,25,2,6,2444,31,17,31,6,0
43,9,NA,20,4,7,1511,22,21,22,2,0
43,10,NA,23,15,9,2479,27,24,27,4,0
43,7,324,17,7,3,2715,23,20,23,6,0
43,7,497,45,3,7,4178,51,50,51,6,0
43,7,20592,64,5,13,6081,69,71,69,4,0
43,10,NA,0,0,0,0,0,0,0,0,0
43,9,NA,0,0,0,0,0,0,0,0,0
43,10,4816,0,0,0,0,0,0,0,0,0
44,10,2516,22,0,2,3444,28,24,28,6,1
44,10,8219,0,0,0,0,0,0,0,0,0
44,8,NA,0,0,0,0,0,0,0,0,0
44,11,334,0,0,0,0,0,0,0,0,0
44,9,634,0,0,0,0,0,0,0,0,0
44,9,NA,0,0,0,0,0,0,0,0,0
44,9,NA,0,0,0,0,0,0,0,0,0
44,7,324,0,0,0,0,0,0,0,0,0
44,8,NA,19,0,2,1809,23,23,23,4,0
44,10,NA,17,7,6,1242,17,13,17,0,0
44,9,1511,6,4,3,640,6,8,6,0,0
44,11,1819,5,3,2,498,5,7,5,0,0
44,10,45958,6,6,3,540,6,8,6,0,0
44,9,NA,39,19,10,2742,39,5,39,0,0
44,7,NA,14,7,12,1092,14,15,14,0,0
44,8,11,40,6,5,4203,42,42,42,2,0
44,9,324,26,10,6,2512,32,33,32,6,0
44,9,NA,40,35,2,5987,48,48,48,8,0
44,9,NA,37,32,2,5805,45,41,45,8,0
44,9,44446,157,2,5,11053,159,176,159,2,0
44,9,338,9,0,2,870,11,12,11,2,0
44,8,345,12,4,3,972,14,16,14,2,0
44,9,674,15,0,6,1556,21,20,21,6,0
44,9,NA,29,16,7,2326,33,25,33,4,0
44,8,25825,71,1,6,5647,79,79,79,8,0
44,8,NA,23,6,9,1942,27,25,27,4,0
44,9,NA,6,0,1,672,8,8,8,2,0
44,9,1501,53,21,8,7834,61,53,61,8,0
44,8,10198,17,12,4,2401,23,23,23,6,0
44,10,360,16,3,4,1480,20,23,20,4,0
44,9,16525,10,0,5,1197,14,15,14,4,0
44,8,NA,18,0,3,2274,22,21,22,4,0
44,9,6746,20,4,6,2097,24,23,24,4,0
44,9,NA,0,0,0,0,0,0,0,0,0
44,8,324,0,0,0,0,0,0,0,0,0
44,8,324,0,0,0,0,0,0,0,0,0
45,10,NA,4,0,2,531,6,6,6,2,1
45,8,326,7,0,2,1088,11,10,11,4,0
45,9,10273,0,0,0,0,0,0,0,0,0
45,9,6748,0,0,0,0,0,0,0,0,0
45,9,NA,0,0,0,0,0,0,0,0,0
45,8,1245,0,0,0,0,0,0,0,0,0
45,10,6264,0,0,0,0,0,0,0,0,0
45,10,1245,0,0,0,0,0,0,0,0,0
45,9,NA,0,0,0,0,0,0,0,0,0
45,7,185,0,0,0,0,0,0,0,0,0
45,7,4764,0,0,0,0,0,0,0,0,0
45,8,324,0,0,0,0,0,0,0,0,0
45,8,365,0,0,0,0,0,0,0,0,0
45,11,NA,0,0,0,0,0,0,0,0,0
45,11,3042,14,0,7,1201,18,17,18,4,0
45,8,41547,8,4,3,660,8,6,8,0,0
45,11,NA,10,9,8,780,10,12,10,0,0
45,9,39,4,0,2,541,6,7,6,2,0
45,9,44447,185,0,2,13834,187,263,187,2,0
45,9,NA,47,41,4,6464,55,53,55,8,0
45,8,226,44,0,2,4044,46,46,46,2,0
45,10,217,28,2,5,3409,30,19,30,2,0
45,10,12368,32,5,9,2595,36,34,36,4,0
45,9,NA,55,43,7,10205,69,56,69,14,0
45,9,4695,40,35,2,4590,46,54,46,6,0
45,10,636,46,22,8,5308,54,51,54,8,0
45,8,191,3,0,1,198,3,3,3,0,0
45,9,23771,19,0,2,1801,23,25,23,4,0
45,10,14947,19,0,3,1816,23,22,23,4,0
45,9,NA,70,3,8,5631,77,65,77,6,0
45,9,324,28,10,9,2683,36,33,36,8,0
45,10,NA,33,29,2,5852,42,39,42,8,0
45,8,NA,26,16,5,3891,34,35,34,8,0
45,9,NA,8,0,2,805,12,11,12,4,0
45,9,NA,15,0,2,2730,19,23,19,4,0
45,7,9194,9,0,5,1197,14,11,14,4,0
45,10,6560,0,0,0,0,0,0,0,0,0
45,10,NA,0,0,0,0,0,0,0,0,0
45,9,6746,0,0,0,0,0,0,0,0,0
45,9,NA,0,0,0,0,0,0,0,0,0
45,8,NA,0,0,0,0,0,0,0,0,0
46,11,649,11,0,3,1274,15,14,15,4,1
46,12,221,7,0,2,742,9,10,9,2,1
46,9,NA,63,59,2,8062,75,76,75,12,0
46,11,NA,0,0,0,0,0,0,0,0,0
46,9,231,0,0,0,0,0,0,0,0,0
46,9,NA,0,0,0,0,0,0,0,0,0
46,9,11,0,0,0,0,0,0,0,0,0
46,11,4698,46,42,2,6883,54,54,54,8,0
46,9,2393,29,14,4,3416,35,35,35,6,0
46,10,NA,0,0,0,0,0,0,0,0,0
46,8,21,0,0,0,0,0,0,0,0,0
46,9,NA,0,0,0,0,0,0,0,0,0
46,9,NA,0,0,0,0,0,0,0,0,0
46,8,22479,7,6,4,606,7,8,7,0,0
46,10,344,5,3,3,498,5,8,5,0,0
46,10,NA,20,6,10,1392,20,12,20,0,0
46,11,NA,7,4,3,582,7,8,7,0,0
46,9,NA,6,4,4,564,6,8,6,0,0
46,9,17810,50,40,5,5894,58,73,58,8,0
46,8,193,7,0,2,680,11,10,11,4,0
46,11,630,38,13,10,4509,48,52,48,10,0
46,10,NA,24,2,10,3146,28,30,28,4,0
46,9,7758,127,0,3,8942,131,144,131,4,0
46,8,2886,74,0,2,18084,78,96,78,4,0
46,10,1510,20,2,6,3089,24,24,24,4,0
46,8,NA,15,8,6,2218,19,18,19,4,0
46,12,1819,70,21,7,9463,80,80,80,10,0
46,10,NA,22,18,1,3331,28,27,28,6,0
46,11,1511,44,11,7,6306,50,38,50,6,0
46,10,66804,44,2,7,3516,48,36,48,4,0
46,10,1519,21,0,3,4103,25,30,25,4,0
46,12,235,12,0,3,1351,16,15,16,4,0
46,10,166,25,0,4,2115,29,30,29,4,0
46,8,NA,12,0,3,1716,16,17,16,4,0
46,10,8745,28,0,3,4364,30,22,30,2,0
46,10,NA,15,5,11,1244,17,23,17,2,0
46,8,NA,22,16,8,3094,26,27,26,4,0
46,8,333,125,0,1,8528,129,145,129,4,0
46,7,6984,33,1,5,3244,43,41,43,10,0
46,9,10303,197,0,3,13622,200,255,200,2,0
46,10,NA,38,26,12,4376,44,47,44,6,0
46,10,NA,0,0,0,0,0,0,0,0,0
46,9,784,0,0,0,0,0,0,0,0,0
46,6,NA,0,0,0,0,0,0,0,0,0
47,11,NA,26,11,7,3213,34,32,34,8,1
47,9,NA,0,0,0,0,0,0,0,0,0
47,9,NA,0,0,0,0,0,0,0,0,0
47,9,NA,0,0,0,0,0,0,0,0,0
47,8,7790,0,0,0,0,0,0,0,0,0
47,9,324,0,0,0,0,0,0,0,0,0
47,8,7362,0,0,0,0,0,0,0,0,0
47,9,NA,0,0,0,0,0,0,0,0,0
47,10,324,0,0,0,0,0,0,0,0,0
47,11,NA,0,0,0,0,0,0,0,0,0
47,10,423,0,0,0,0,0,0,0,0,0
47,9,6748,0,0,0,0,0,0,0,0,0
47,10,NA,32,28,3,4948,40,35,40,8,0
47,10,NA,31,3,5,3590,35,39,35,4,0
47,9,17647,9,7,5,750,9,10,9,0,0
47,9,NA,8,7,4,684,8,10,8,0,0
47,9,1148,11,3,7,810,11,12,11,0,0
47,9,NA,13,7,2,2133,13,11,13,0,0
47,12,NA,29,20,8,4167,33,33,33,4,0
47,10,NA,7,7,3,618,7,10,7,0,0
47,9,NA,17,7,10,1182,17,11,17,0,0
47,11,NA,61,46,14,6679,69,68,69,8,0
47,10,NA,14,1,3,2133,20,18,20,6,0
47,10,NA,34,0,5,4084,42,37,42,8,0
47,11,NA,15,1,7,1552,21,20,21,6,0
47,9,NA,31,0,6,3312,35,38,35,4,0
47,8,479,31,7,8,3007,35,29,35,4,0
47,11,10804,4,2,4,296,6,9,6,2,0
47,9,NA,55,45,5,6240,63,64,63,8,0
47,9,14889,9,1,2,1180,13,15,13,4,0
47,10,9527,23,2,4,2112,29,31,29,6,0
47,11,NA,24,19,2,3538,30,33,30,6,0
47,8,NA,55,47,6,7049,65,64,65,10,0
47,10,NA,33,3,6,2457,35,36,35,2,0
47,8,NA,76,3,7,5283,78,100,78,2,0
47,8,NA,7,0,2,729,9,10,9,2,0
47,9,6748,33,2,8,3759,39,27,39,6,0
47,9,44446,0,0,0,0,0,0,0,0,0
47,9,675,0,0,0,0,0,0,0,0,0
47,9,193,0,0,0,0,0,0,0,0,0
47,11,1819,0,0,0,0,0,0,0,0,0
48,10,345,17,5,10,1320,19,21,19,2,1
48,11,640,23,1,4,2912,31,25,31,8,1
48,10,2516,22,0,2,3448,28,24,28,6,1
48,11,2516,24,0,2,4041,30,25,30,6,1
48,14,NA,48,0,1,3450,50,51,50,2,1
48,9,324,0,0,0,0,0,0,0,0,0
48,10,67135,0,0,0,0,0,0,0,0,0
48,11,NA,0,0,0,0,0,0,0,0,0
48,9,NA,0,0,0,0,0,0,0,0,0
48,11,4699,0,0,0,0,0,0,0,0,0
48,11,NA,0,0,0,0,0,0,0,0,0
48,8,324,0,0,0,0,0,0,0,0,0
48,9,16333,0,0,0,0,0,0,0,0,0
48,9,1819,33,27,2,6235,41,40,41,8,0
48,10,NA,0,0,0,0,0,0,0,0,0
48,11,288,0,0,0,0,0,0,0,0,0
48,8,324,0,0,0,0,0,0,0,0,0
48,8,299,7,7,3,618,7,10,7,0,0
48,9,13913,10,3,3,1224,16,15,16,6,0
48,9,324,7,7,3,618,7,9,7,0,0
48,9,NA,5,3,2,498,5,8,5,0,0
48,9,39,25,4,8,2313,29,29,29,4,0
48,9,333,5,3,3,498,5,8,5,0,0
48,11,NA,8,7,6,684,8,11,8,0,0
48,11,1819,44,31,4,6925,52,43,52,8,0
48,9,6748,24,2,5,3179,30,29,30,6,0
48,7,38123,47,10,6,4576,55,52,55,8,0
48,8,NA,26,12,10,3878,30,33,30,4,0
48,11,1371,26,2,8,2873,34,37,34,8,0
48,10,58,24,6,12,2634,28,26,28,4,0
48,9,46579,113,0,3,7746,117,134,117,4,0
48,10,NA,0,0,0,0,0,0,0,0,0
48,8,324,0,0,0,0,0,0,0,0,0
48,11,NA,0,0,0,0,0,0,0,0,0
49,12,528,17,1,6,1661,23,19,23,6,1
49,12,2211,12,8,1,2037,16,16,16,4,1
49,13,NA,18,0,3,1643,22,25,22,4,1
49,12,4877,8,0,2,811,10,11,10,2,1
49,13,NA,50,0,2,3571,52,55,52,2,1
49,7,NA,0,0,0,0,0,0,0,0,0
49,9,959,0,0,0,0,0,0,0,0,0
49,9,324,0,0,0,0,0,0,0,0,0
49,10,19361,0,0,0,0,0,0,0,0,0
49,11,1819,0,0,0,0,0,0,0,0,0
49,9,475,14,0,1,1205,16,18,16,2,0
49,9,783,0,0,0,0,0,0,0,0,0
49,10,1148,9,0,2,851,11,9,11,2,0
49,11,NA,25,6,11,1662,25,12,25,0,0
49,9,NA,12,3,4,864,12,6,12,0,0
49,10,NA,15,6,8,1122,15,11,15,0,0
49,12,506,22,19,7,1476,22,18,22,0,0
49,9,NA,18,15,2,2736,18,13,18,0,0
49,9,5005,3,3,1,366,3,5,3,0,0
49,10,NA,9,5,6,738,9,15,9,0,0
49,7,2367,6,3,3,552,6,7,6,0,0
49,9,NA,5,4,2,486,5,6,5,0,0
49,9,NA,3,3,1,366,3,4,3,0,0
49,9,2119,2,2,1,276,2,3,2,0,0
49,9,128,5,4,3,474,5,8,5,0,0
49,11,NA,31,24,8,4739,37,37,37,6,0
49,9,162,19,6,9,1720,25,27,25,6,0
49,10,66441,14,1,3,1567,18,20,18,4,0
49,12,640,32,16,6,4464,40,39,40,8,0
49,9,44393,8,0,5,516,8,2,8,0,0
49,10,6881,26,0,7,2270,30,24,30,4,0
49,10,NA,51,46,3,5413,57,61,57,6,0
49,10,1505,43,11,15,5371,49,46,49,6,0
49,11,1368,0,0,0,0,0,2,0,0,0
49,10,NA,0,0,0,0,0,0,0,0,0
49,10,NA,0,0,0,0,0,0,0,0,0
49,9,NA,0,0,0,0,0,0,0,0,0
49,10,236,21,7,2,2681,27,26,27,6,0
49,9,101,0,0,0,0,0,0,0,0,0
50,13,NA,47,0,1,3386,51,53,51,4,1
50,11,640,20,1,4,2330,28,24,28,8,1
50,11,1108,7,0,2,746,9,11,9,2,1
50,12,1819,0,0,0,0,0,0,0,0,0
50,9,43996,0,0,0,0,0,0,0,0,0
50,10,13076,0,0,0,0,0,0,0,0,0
50,10,6953,0,0,0,0,0,0,0,0,0
50,10,NA,64,49,12,7487,74,84,74,10,0
50,9,NA,5,3,3,498,5,6,5,0,0
50,9,3071,8,6,4,696,8,10,8,0,0
50,10,243,13,8,2,2382,17,20,17,4,0
50,10,NA,94,3,8,6904,98,103,98,4,0
50,11,1819,33,27,5,5203,41,44,41,8,0
50,10,NA,80,3,5,8291,88,93,88,8,0
50,11,324,25,1,6,2829,29,28,29,4,0
50,11,2797,35,0,4,2949,39,43,39,4,0
50,12,NA,17,0,5,1570,21,21,21,4,0
50,11,NA,34,25,9,3787,42,42,42,8,0
50,9,1189,22,4,12,1960,28,23,28,6,0
50,9,24971,7,0,2,995,11,12,11,4,0
50,10,413,10,0,4,926,14,13,14,4,0
50,9,5316,57,4,6,6820,59,61,59,2,0
50,11,435494,226,6,6,15162,228,284,228,2,0
50,14,NA,20,2,5,1849,26,22,26,6,0
50,9,324,0,0,0,0,0,0,0,0,0
50,11,1208,0,0,0,0,0,0,0,0,0
50,9,1149,0,0,0,0,0,0,0,0,0
50,10,NA,0,0,0,0,0,0,0,0,0
50,10,1970,0,0,0,0,0,0,0,0,0
50,10,324,0,0,0,0,0,0,0,0,0
50,9,324,0,0,0,0,0,0,0,0,0
51,14,NA,46,0,1,3321,48,49,48,2,1
51,14,NA,14,4,6,888,14,6,14,0,1
51,10,NA,0,0,0,0,0,0,0,0,0
51,10,324,0,0,0,0,0,0,0,0,0
51,10,NA,0,0,0,0,0,0,0,0,0
51,8,25866,0,0,0,0,0,0,0,0,0
51,10,6130,0,0,0,0,0,0,0,0,0
51,9,NA,0,0,0,0,0,0,0,0,0
51,10,231,7,1,2,769,9,10,9,2,0
51,9,10333,7,3,2,582,7,5,7,0,0
51,10,9890,9,6,7,762,9,10,9,0,0
51,9,6748,17,8,6,1278,17,10,17,0,0
51,12,1819,28,13,12,1872,28,19,28,0,0
51,8,162,4,2,3,396,4,3,4,0,0
51,10,324,5,3,2,498,5,4,5,0,0
51,11,324,22,6,8,1651,24,17,24,2,0
51,10,NA,39,3,8,3637,45,37,45,6,0
51,11,58090,2,0,1,132,2,2,2,0,0
51,10,NA,35,22,11,4677,41,33,41,6,0
51,11,NA,28,16,12,3227,32,31,32,4,0
51,9,15302,0,0,0,0,0,0,0,0,0
51,11,239,0,0,0,0,0,0,0,0,0
51,9,NA,0,0,0,0,0,0,0,0,0
51,8,57,0,0,0,0,0,0,0,0,0
51,11,557,0,0,0,0,0,0,0,0,0
52,14,NA,41,0,1,2992,43,44,43,2,1
52,12,13650,16,1,5,1609,22,20,22,6,1
52,14,NA,14,1,8,1151,18,15,18,4,1
52,9,NA,0,0,0,0,0,0,0,0,0
52,12,NA,0,0,0,0,0,0,0,0,0
52,10,17302,0,0,0,0,0,0,0,0,0
52,10,5315,0,0,0,0,0,0,0,0,0
52,10,1516,0,0,0,0,0,0,0,0,0
52,11,NA,0,0,0,0,0,0,0,0,0
52,12,NA,0,0,0,0,0,0,0,0,0
52,10,NA,0,0,0,0,0,0,0,0,0
52,10,3529,0,0,0,0,0,0,0,0,0
52,12,NA,0,0,0,0,0,0,0,0,0
52,11,8105,13,0,3,1428,17,11,17,4,0
52,10,1235,4,3,2,432,4,6,4,0,0
52,9,11,6,3,3,564,6,7,6,0,0
52,10,NA,5,3,3,486,5,7,5,0,0
52,9,9662,22,8,7,1628,26,25,26,4,0
52,9,44313,4,4,1,420,4,5,4,0,0
52,10,257,4,3,2,420,4,7,4,0,0
52,11,NA,3,3,1,366,3,4,3,0,0
52,11,NA,60,4,5,4466,62,63,62,2,0
52,9,NA,10,2,6,1197,14,17,14,4,0
52,10,17167,10,1,4,1257,14,15,14,4,0
52,10,NA,51,35,10,5314,57,62,57,6,0
52,8,NA,25,4,7,1682,29,30,29,4,0
52,11,NA,21,0,8,2221,25,26,25,4,0
52,11,0,19,0,4,1538,23,8,23,4,0
52,11,14863,16,2,3,1364,18,23,18,2,0
52,10,257,29,25,1,4765,37,34,37,8,0
52,10,5443,0,0,0,0,0,0,0,0,0
52,9,28239,51,1,10,4049,55,58,55,4,0
52,8,NA,0,0,0,0,0,0,0,0,0
52,10,NA,0,0,0,0,0,0,0,0,0
52,11,NA,0,0,0,0,0,0,0,0,0
52,11,9801,0,0,0,0,0,0,0,0,0
53,12,242,8,0,1,1156,10,10,10,2,1
53,11,NA,0,0,0,0,0,0,0,0,0
53,10,NA,0,0,0,0,0,0,0,0,0
53,8,11158,0,0,0,0,0,0,0,0,0
53,10,NA,0,0,0,0,0,0,0,0,0
53,12,NA,0,0,0,0,0,0,0,0,0
53,11,NA,0,0,0,0,0,0,0,0,0
53,10,22897,9,5,7,762,9,10,9,0,0
53,11,8466,26,8,11,1668,26,13,26,0,0
53,10,NA,7,6,2,798,7,8,7,0,0
53,9,2023,12,3,3,960,12,16,12,0,0
53,7,NA,12,6,7,1017,18,17,18,6,0
53,12,211,15,2,5,1944,21,21,21,6,0
53,12,359174,15,4,3,2232,19,22,19,4,0
53,9,324,0,0,0,0,0,0,0,0,0
53,10,324,0,0,0,0,0,0,0,0,0
53,11,NA,16,3,8,1277,20,19,20,4,0
53,12,NA,0,0,0,0,0,0,0,0,0
53,9,20309,0,0,0,0,0,0,0,0,0
54,11,228,5,0,2,582,9,9,9,4,1
54,11,17140,29,1,7,4558,31,37,31,2,1
54,11,7849,0,0,0,0,0,0,0,0,0
54,12,NA,0,0,0,0,0,0,0,0,0
54,9,341,0,0,0,0,0,0,0,0,0
54,12,2503,0,0,0,0,0,0,0,0,0
54,9,324,0,0,0,0,0,0,0,0,0
54,12,NA,0,0,0,0,0,0,0,0,0
54,8,11,0,0,0,0,0,0,0,0,0
54,11,NA,0,0,0,0,0,0,0,0,0
54,9,3020,34,7,6,2881,38,33,38,4,0
54,12,NA,5,5,2,474,5,8,5,0,0
54,12,NA,11,7,2,1166,11,7,11,0,0
54,10,NA,3,3,1,366,3,3,3,0,0
54,12,NA,12,9,6,900,12,10,12,0,0
54,10,18952,1194,12,8,99843,1198,1284,1198,4,0
54,9,NA,58,39,7,5998,64,48,64,6,0
54,10,NA,37,0,5,7178,43,41,43,6,0
54,10,5438,40,9,9,4562,44,44,44,4,0
54,12,NA,29,0,2,2903,37,37,37,8,0
54,9,193,4,1,3,280,6,7,6,2,0
54,9,324,34,2,5,5325,40,44,40,6,0
54,11,26,20,11,6,3025,26,25,26,6,0
54,10,NA,12,7,1,2036,16,17,16,4,0
54,10,20518,43,38,5,5591,51,56,51,8,0
54,12,1682,12,1,5,1404,16,17,16,4,0
54,11,9208,0,0,0,0,0,0,0,0,0
54,12,324,0,0,0,0,0,0,0,0,0
54,11,NA,0,0,0,0,0,0,0,0,0
55,12,NA,52,0,1,3721,54,57,54,2,1
55,12,NA,26,12,3,3229,34,32,34,8,1
55,10,14953,0,0,0,0,0,0,0,0,0
55,9,2080,0,0,0,0,0,0,0,0,0
55,12,NA,0,0,0,0,0,0,0,0,0
55,10,12275,0,0,0,0,0,0,0,0,0
55,11,NA,0,0,0,0,0,0,0,0,0
55,10,NA,0,0,0,0,0,0,0,0,0
55,12,NA,0,0,0,0,0,0,0,0,0
55,9,NA,0,0,0,0,0,0,0,0,0
55,10,NA,0,0,0,0,0,0,0,0,0
55,12,66702,0,0,0,0,0,0,0,0,0
55,8,NA,24,3,9,1715,26,31,26,2,0
55,11,NA,42,36,2,6128,50,50,50,8,0
55,12,NA,21,3,13,1458,21,4,21,0,0
55,9,NA,8,3,3,696,8,5,8,0,0
55,10,13898,31,3,5,3590,35,40,35,4,0
55,10,44324,4,3,2,432,4,4,4,0,0
55,12,NA,13,4,7,1074,13,5,13,0,0
55,10,NA,11,5,7,882,11,10,11,0,0
55,12,NA,36,27,7,4405,42,47,42,6,0
55,10,NA,46,38,3,5666,54,67,54,8,0
55,10,NA,27,18,4,3101,31,30,31,4,0
55,9,NA,56,52,4,7621,66,74,66,10,0
55,9,NA,42,30,9,4861,48,44,48,6,0
55,9,NA,33,29,1,5665,43,36,43,10,0
55,11,NA,48,39,11,5137,55,61,55,6,0
55,10,20474,0,0,0,0,0,0,0,0,0
55,12,1819,0,0,0,0,0,0,0,0,0
55,10,40179,0,0,0,0,0,0,0,0,0
55,11,324,0,0,0,0,0,0,0,0,0
56,11,NA,7,0,2,752,9,9,9,2,1
56,8,257,0,0,0,0,0,2,0,0,0
56,12,25471,0,0,0,0,0,0,0,0,0
56,11,7215,0,0,0,0,0,0,0,0,0
56,11,0,0,0,0,0,0,0,0,0,0
56,12,1819,0,0,0,0,0,0,0,0,0
56,9,965,0,0,0,0,0,0,0,0,0
56,10,NA,0,0,0,0,0,0,0,0,0
56,12,3042,0,0,0,0,0,0,0,0,0
56,10,324,0,0,0,0,0,0,0,0,0
56,11,8741,0,0,0,0,0,0,0,0,0
56,10,NA,4,3,2,432,4,5,4,0,0
56,10,14672,11,3,5,870,11,5,11,0,0
56,9,NA,57,51,3,8171,69,59,69,12,0
56,11,229,5,5,3,450,5,7,5,0,0
56,9,NA,26,18,7,3928,32,27,32,6,0
56,11,324,20,2,7,1876,26,17,26,6,0
56,11,189,25,13,7,2910,31,30,31,6,0
56,9,324,12,3,7,1080,14,14,14,2,0
56,9,NA,15,2,5,1944,21,21,21,6,0
56,12,NA,10,4,4,944,14,15,14,4,0
56,13,67283,37,3,5,3050,43,44,43,6,0
56,12,1523,35,11,3,6351,43,46,43,8,0
56,10,324,18,13,2,3354,24,18,24,6,0
56,12,NA,8,3,3,847,16,18,16,8,0
56,9,1264,0,0,0,0,0,0,0,0,0
56,9,225,0,0,0,0,0,0,0,0,0
56,11,17072,0,0,0,0,0,0,0,0,0
56,11,17541,0,0,0,0,0,0,0,0,0
56,10,NA,0,0,0,0,0,0,0,0,0
56,11,NA,10,2,3,1256,14,14,14,4,0
56,11,NA,0,0,0,0,0,0,0,0,0
56,11,3782,0,0,0,0,0,0,0,0,0
57,9,355,0,0,0,0,0,0,0,0,0
57,11,7340,0,0,0,0,0,0,0,0,0
57,11,5796,0,0,0,0,0,0,0,0,0
57,10,NA,0,0,0,0,0,0,0,0,0
57,9,NA,0,0,0,0,0,0,0,0,0
57,11,448,2,2,1,356,2,4,2,0,0
57,11,17249,15,13,7,1062,15,19,15,0,0
57,11,324,8,5,5,696,8,10,8,0,0
57,10,324,7,3,2,630,7,5,7,0,0
57,12,20504,4,3,3,408,4,6,4,0,0
57,12,6828,13,4,7,1074,13,5,13,0,0
57,10,NA,63,58,6,8280,75,65,75,12,0
57,10,1510,37,9,11,5965,43,47,43,6,0
57,10,NA,16,0,3,1345,18,19,18,2,0
57,10,NA,16,0,7,1293,20,19,20,4,0
57,12,11202,79,2,7,5863,83,83,83,4,0
57,9,6588,19,8,10,1764,23,24,23,4,0
57,10,345,31,0,5,2335,33,37,33,2,0
57,13,NA,42,7,12,3944,48,40,48,6,0
57,11,NA,32,26,3,4195,38,45,38,6,0
57,11,234,21,6,13,1627,25,23,25,4,0
57,10,21046,107,4,4,8986,111,148,111,4,0
57,11,23463,18,4,6,1965,22,21,22,4,0
57,10,324,62,0,3,4725,66,65,66,4,0
57,11,NA,9,0,3,871,11,12,11,2,0
57,11,241,0,0,0,0,0,0,0,0,0
57,7,1182,10,3,5,949,14,15,14,4,0
57,12,NA,0,0,0,0,0,0,0,0,0
57,13,NA,0,0,0,0,0,0,0,0,0
57,11,10280,0,0,0,0,0,0,0,0,0
58,12,NA,50,0,1,3592,52,53,52,2,1
58,13,5962,10,0,2,1692,14,15,14,4,1
58,12,NA,0,0,0,0,0,0,0,0,0
58,8,58,0,0,0,0,0,0,0,0,0
58,10,324,0,0,0,0,0,0,0,0,0
58,11,324,0,0,0,0,0,0,0,0,0
58,9,NA,5,3,3,474,5,4,5,0,0
58,11,NA,4,4,1,420,4,5,4,0,0
58,10,208082,5,4,2,474,5,7,5,0,0
58,11,NA,5,4,2,486,5,9,5,0,0
58,11,NA,4,2,2,408,4,7,4,0,0
58,8,345,9,0,3,1481,13,12,13,4,0
58,12,324,50,42,4,6256,58,63,58,8,0
58,10,NA,5,0,3,620,7,8,7,2,0
58,9,324,14,0,1,1794,18,18,18,4,0
58,9,324,15,10,3,2344,19,17,19,4,0
58,10,1688,17,15,4,1146,17,5,17,0,0
58,11,NA,44,37,6,6317,52,53,52,8,0
58,11,NA,20,9,4,3076,26,23,26,6,0
58,9,NA,0,0,0,0,0,0,0,0,0
58,11,NA,0,0,0,0,0,0,0,0,0
58,11,1179,0,0,0,0,0,0,0,0,0
58,12,90837,0,0,0,0,0,0,0,0,0
59,11,NA,0,0,0,0,0,0,0,0,0
59,11,NA,0,0,0,0,0,0,0,0,0
59,10,NA,0,0,0,0,0,0,0,0,0
59,11,NA,0,0,0,0,0,0,0,0,0
59,10,26958,15,10,1,2421,21,17,21,6,0
59,12,162,0,0,0,0,0,0,0,0,0
59,10,19404,0,0,0,0,0,0,0,0,0
59,11,162,0,0,0,0,0,0,0,0,0
59,10,324,0,0,0,0,0,0,0,0,0
59,10,352,0,0,0,0,0,0,0,0,0
59,9,NA,0,0,0,0,0,0,0,0,0
59,11,7697,0,0,0,0,0,0,0,0,0
59,10,324,6,5,3,528,6,6,6,0,0
59,13,9322,8,5,6,672,8,12,8,0,0
59,10,NA,10,3,8,828,10,16,10,0,0
59,11,NA,10,7,5,768,10,13,10,0,0
59,15,NA,20,6,5,2638,28,25,28,8,0
59,9,12629,24,0,11,1863,26,27,26,2,0
59,11,324,24,3,6,2752,30,24,30,6,0
59,9,324,14,0,1,1797,18,19,18,4,0
59,13,NA,8,3,8,552,8,5,8,0,0
59,13,324,29,12,6,3325,33,32,33,4,0
59,11,5290,17,2,2,1684,21,22,21,4,0
59,11,12965,48,9,12,3796,52,51,52,4,0
59,13,324,10,0,3,1170,16,14,16,6,0
59,11,NA,9,0,2,1589,13,13,13,4,0
59,10,NA,10,1,3,1300,14,15,14,4,0
59,12,162,22,12,5,3142,30,24,30,8,0
59,11,125,38,4,10,3936,44,46,44,6,0
59,12,1511,0,0,0,0,0,0,0,0,0
59,11,5290,0,0,0,0,0,0,0,0,0
59,12,NA,14,0,3,1438,18,16,18,4,0
59,10,19867,21,12,3,3104,29,23,29,8,0
59,13,NA,0,0,0,0,0,0,0,0,0
60,11,NA,0,0,0,0,0,0,0,0,0
60,11,198,3,1,2,238,5,7,5,2,0
60,11,1973,0,0,0,0,0,0,0,0,0
60,10,NA,0,0,0,0,0,0,0,0,0
60,11,243,0,0,0,0,0,0,0,0,0
60,11,324,0,0,0,0,0,0,0,0,0
60,10,21666,9,7,7,762,9,10,9,0,0
60,12,NA,8,6,5,696,8,9,8,0,0
60,10,8774,6,6,3,540,6,9,6,0,0
60,13,1819,1,1,1,202,1,4,1,0,0
60,11,2544,4,2,3,408,4,4,4,0,0
60,13,NA,10,8,2,12231,10,11,10,0,0
60,11,NA,29,22,3,4932,35,41,35,6,0
60,12,NA,6,0,4,664,8,8,8,2,0
60,9,324,5,0,1,622,7,7,7,2,0
60,11,NA,29,1,4,2630,35,35,35,6,0
60,11,40582,101,4,15,7002,107,79,107,6,0
60,13,NA,38,32,3,4488,44,44,44,6,0
60,11,19671,45,0,3,4192,53,54,53,8,0
60,13,NA,23,12,5,3208,32,26,32,9,0
60,12,NA,113,0,3,7746,117,134,117,4,0
60,12,NA,3,0,1,466,5,6,5,2,0
60,11,NA,14,9,2,2531,18,18,18,4,0
60,9,824,0,0,0,0,0,0,0,0,0
60,13,NA,0,0,0,0,0,0,0,0,0
61,12,526,0,0,0,0,0,2,0,0,1
61,10,324,0,0,0,0,0,0,0,0,0
61,12,4576,0,0,0,0,0,0,0,0,0
61,12,39198,0,0,0,0,0,0,0,0,0
61,11,NA,0,0,0,0,0,0,0,0,0
61,10,6473,0,0,0,0,0,0,0,0,0
61,9,11,0,0,0,0,0,0,0,0,0
61,11,11780,20,1,5,1930,28,24,28,8,0
61,12,NA,22,5,10,1673,24,22,24,2,0
61,12,1522,4,3,2,432,4,6,4,0,0
61,12,NA,5,3,3,498,5,7,5,0,0
61,9,NA,12,7,5,960,12,10,12,0,0
61,10,NA,5,5,3,498,5,8,5,0,0
61,11,257,4,3,2,432,4,4,4,0,0
61,12,NA,20,8,7,1344,20,10,20,0,0
61,11,257,10,5,7,792,10,15,10,0,0
61,11,NA,7,3,3,582,7,5,7,0,0
61,11,8864,26,18,4,3798,34,36,34,8,0
61,13,267,7,1,3,743,11,13,11,4,0
61,13,NA,31,5,8,4514,39,40,39,8,0
61,11,NA,25,20,3,3252,29,35,29,4,0
61,14,25090,0,0,0,0,0,0,0,0,0
61,10,4347,0,0,0,0,0,0,0,0,0
62,13,6567,8,0,2,1089,14,13,14,6,0
62,13,NA,0,0,0,0,0,0,0,0,0
62,12,NA,0,0,0,0,0,0,0,0,0
62,13,6567,0,0,0,0,0,0,0,0,0
62,12,20986,0,0,0,0,0,0,0,0,0
62,12,NA,0,0,0,0,0,0,0,0,0
62,13,12440,0,0,0,0,0,0,0,0,0
62,10,245,0,0,0,0,0,0,0,0,0
62,9,324,0,0,0,0,0,0,0,0,0
62,11,NA,11,5,4,1040,15,19,15,4,0
62,11,382,21,5,7,1810,25,21,25,4,0
62,11,2192,32,8,11,2772,38,37,38,6,0
62,11,324,0,0,0,0,0,0,0,0,0
62,12,9285,0,0,0,0,0,0,0,0,0
62,12,NA,0,0,0,0,0,0,0,0,0
63,14,NA,18,0,2,1676,22,22,22,4,0
63,12,7221,0,0,0,0,0,0,0,0,0
63,11,14506,0,0,0,0,0,0,0,0,0
63,13,NA,0,0,0,0,0,0,0,0,0
63,12,NA,0,0,0,0,0,0,0,0,0
63,11,324,67,32,17,6011,73,42,73,6,0
63,11,NA,4,4,1,420,4,6,4,0,0
63,10,324,3,3,1,366,3,4,3,0,0
63,9,345,4,2,2,408,4,7,4,0,0
63,12,NA,48,0,1,3840,52,51,52,4,0
63,12,1853,104,0,2,7535,106,124,106,2,0
63,14,NA,26,7,6,2506,30,25,30,4,0
63,11,3475,31,5,6,2293,33,24,33,2,0
63,11,42913,44,5,9,3414,48,46,48,4,0
63,13,324,32,20,13,3967,38,44,38,6,0
63,12,NA,14,3,4,2108,18,22,18,4,0
63,11,NA,31,13,8,5105,43,28,43,0,0
63,10,18235,4,1,2,583,6,8,6,2,0
63,10,324,35,19,11,3472,41,33,41,6,0
63,10,NA,29,10,7,4825,40,36,40,10,0
63,14,320,188,25,9,14064,194,217,194,6,0
63,11,5858,19,10,1,3181,25,25,25,6,0
64,11,NA,0,0,0,0,0,0,0,0,0
64,13,NA,0,0,0,0,0,0,0,0,0
64,11,9418,0,0,0,0,0,0,0,0,0
64,13,19111,0,0,0,0,0,0,0,0,0
64,13,NA,0,0,0,0,0,0,0,0,0
64,10,NA,0,0,0,0,0,0,0,0,0
64,10,NA,15,2,5,1238,17,9,17,2,0
64,11,NA,2,2,1,276,2,4,2,0,0
64,12,NA,5,4,2,498,5,9,5,0,0
64,11,NA,7,7,3,618,7,9,7,0,0
64,13,NA,10,2,6,1197,14,17,14,4,0
64,11,9498,10,1,3,1256,14,16,14,4,0
64,11,NA,39,18,14,4631,49,42,49,10,0
64,10,324,26,6,5,3201,30,29,30,4,0
64,13,324,16,1,5,1910,24,24,24,8,0
64,13,32344,0,0,0,0,0,0,0,0,0
64,14,NA,0,0,0,0,0,0,0,0,0
64,11,34,0,0,0,0,0,0,0,0,0
65,11,3830,0,0,0,0,0,0,0,0,0
65,12,NA,0,0,0,0,0,0,0,0,0
65,11,36377,0,0,0,0,0,0,0,0,0
65,12,NA,35,9,12,2820,43,26,43,8,0
65,14,NA,6,3,4,564,6,6,6,0,0
65,14,NA,32,11,12,2232,32,14,32,0,0
65,10,NA,43,35,3,5029,49,54,49,6,0
65,12,NA,9,0,3,1194,13,12,13,4,0
65,11,12339,18,8,7,1634,22,23,22,4,0
65,14,NA,326,317,3,26631,330,442,330,4,0
65,13,330,30,2,9,2510,34,34,34,4,0
65,12,NA,29,7,6,3999,37,37,37,8,0
65,11,245,0,0,0,0,0,0,0,0,0
65,11,40035,0,0,0,0,0,0,0,0,0
66,14,58,15,1,7,1863,19,18,19,4,1
66,13,14750,0,0,0,0,0,0,0,0,0
66,10,NA,0,0,0,0,0,0,0,0,0
66,12,NA,0,0,0,0,0,0,0,0,0
66,11,9405,15,2,4,1026,15,4,15,0,0
66,10,NA,6,2,4,540,6,7,6,0,0
66,12,251,11,1,7,1012,15,15,15,4,0
66,15,NA,0,0,0,0,0,0,0,0,0
66,11,241,0,0,0,0,0,0,0,0,0
66,15,36571,0,0,0,0,0,0,0,0,0
67,14,NA,12,1,5,1366,18,17,18,6,1
67,14,NA,0,0,0,0,0,0,0,0,0
67,12,NA,0,0,0,0,0,0,0,0,0
67,9,4440,0,0,0,0,0,0,0,0,0
67,10,NA,0,0,0,0,0,0,0,0,0
67,9,324,27,9,5,3471,33,32,33,6,0
67,9,355,7,5,4,606,7,7,7,0,0
67,10,3640,12,3,7,960,12,11,12,0,0
67,13,317,8,6,6,696,8,9,8,0,0
67,12,197,9,1,3,1283,13,14,13,4,0
67,12,15742,16,6,6,2135,20,22,20,4,0
67,14,4710,59,43,15,7723,67,60,67,8,0
67,11,26117,16,9,5,2381,20,24,20,4,0
67,13,NA,26,9,6,2154,28,34,28,2,0
67,13,NA,15,0,5,1766,21,18,21,6,0
68,13,13340,0,0,0,0,0,0,0,0,0
68,13,NA,0,0,0,0,0,0,0,0,0
68,12,3257,0,0,0,0,0,0,0,0,0
68,11,6795,20,7,9,1620,22,23,22,2,0
68,12,NA,11,3,7,858,11,11,11,0,0
68,12,NA,5,4,2,474,5,7,5,0,0
68,14,12606,23,9,8,2317,27,28,27,4,0
68,13,NA,20,1,4,1900,24,25,24,4,0
68,15,NA,47,37,6,5242,53,55,53,6,0
68,12,12503,40,34,3,6020,48,45,48,8,0
68,14,NA,52,44,3,4703,56,57,56,4,0
68,11,NA,48,0,3,4896,52,58,52,4,0
68,11,NA,0,0,0,0,0,0,0,0,0
68,12,NA,0,0,0,0,0,0,0,0,0
69,13,194,10,0,4,903,14,12,14,4,1
69,14,3933,0,0,0,0,0,0,0,0,0
69,13,13920,0,0,0,0,0,0,0,0,0
69,13,248,19,6,10,1483,23,21,23,4,0
69,12,1500,0,0,0,0,0,0,0,0,0
69,11,NA,0,0,0,0,0,0,0,0,0
69,11,12564,0,0,0,0,0,0,0,0,0
69,13,NA,8,2,2,805,10,10,10,2,0
69,12,NA,0,0,0,0,0,0,0,0,0
69,12,NA,4,3,2,432,4,4,4,0,0
69,11,NA,3,3,1,366,3,4,3,0,0
69,12,NA,48,36,10,5347,54,50,54,6,0
69,12,360,23,1,10,1783,27,26,27,4,0
69,13,NA,14,8,3,2186,18,20,18,4,0
69,12,NA,29,21,7,3997,35,30,35,6,0
69,11,NA,19,0,4,1878,25,23,25,6,0
69,11,NA,23,15,10,2708,27,30,27,4,0
69,14,NA,31,2,8,2131,35,33,35,4,0
69,14,33493,0,0,0,0,0,0,0,0,0
70,12,NA,15,0,3,1150,17,17,17,2,1
70,15,61974,0,0,0,0,0,0,0,0,0
70,13,65423,0,0,0,0,0,0,0,0,0
70,15,324,0,0,0,0,0,0,0,0,0
70,14,518,0,0,0,0,0,0,0,0,0
70,13,NA,0,0,0,0,0,0,0,0,0
70,14,8742,0,0,0,0,0,0,0,0,0
70,12,NA,9,0,4,916,13,15,13,4,0
70,12,NA,0,0,0,0,0,0,0,0,0
70,15,11397,44,34,6,6221,54,45,54,10,0
70,15,NA,6,4,4,552,6,9,6,0,0
70,13,118672,10,6,7,792,10,10,10,0,0
70,13,8187,5,5,3,498,5,8,5,0,0
70,13,NA,16,13,2,1688,16,12,16,0,0
70,10,356,49,7,3,3802,49,50,49,0,0
70,13,NA,33,11,8,3523,39,33,39,6,0
70,13,324,8,0,3,1100,12,12,12,4,0
70,12,41417,7,4,3,752,9,12,9,2,0
70,14,13481,48,11,11,3684,54,53,54,6,0
70,12,NA,19,12,7,2506,23,27,23,4,0
70,14,23103,0,0,0,0,0,0,0,0,0
70,13,11,0,0,0,0,0,0,0,0,0
70,13,NA,0,0,0,0,0,0,0,0,0
71,6,324,0,0,0,0,0,0,0,0,0
71,16,NA,0,0,0,0,0,0,0,0,0
71,14,8992,0,0,0,0,0,0,0,0,0
71,13,NA,0,0,0,0,0,0,0,0,0
71,13,11988,73,3,5,7802,79,82,79,6,0
71,12,34,49,0,7,3878,53,51,53,4,0
71,12,13522,30,20,10,3317,36,35,36,6,0
71,11,NA,28,4,5,2794,32,32,32,4,0
71,12,318,25,3,5,3428,29,23,29,4,0
71,14,337,35,14,7,4515,43,28,43,8,0
71,11,NA,26,21,4,4488,35,35,35,8,0
71,14,NA,19,14,4,2877,25,23,25,6,0
71,12,NA,65,48,7,6391,71,77,71,6,0
71,11,13596,7,2,4,1131,12,11,12,4,0
71,11,324,0,0,0,0,0,0,0,0,0
71,15,324,0,0,0,0,0,0,0,0,0
72,14,324,0,0,0,0,0,0,0,0,0
72,14,31624,0,0,0,0,0,0,0,0,0
72,16,NA,0,0,0,0,0,0,0,0,0
72,12,NA,0,0,0,0,0,0,0,0,0
72,12,1853,0,0,0,0,0,0,0,0,0
72,12,NA,0,0,0,0,0,0,0,0,0
72,15,NA,47,13,6,6078,53,52,53,6,0
72,13,NA,14,14,7,972,14,16,14,0,0
72,14,14092,12,5,4,960,12,8,12,0,0
72,12,NA,27,21,8,3862,33,33,33,6,0
72,9,2819,39,2,13,3042,45,26,45,6,0
72,15,33528,18,4,4,2083,22,28,22,4,0
72,12,363,28,2,5,2490,32,29,32,4,0
72,13,1832,9,0,3,1165,15,16,15,6,0
72,12,324,80,0,2,6525,84,102,84,4,0
72,14,NA,0,0,0,0,0,0,0,0,0
72,11,NA,0,0,0,0,0,0,0,0,0
72,11,1145,0,0,0,0,0,0,0,0,0
73,14,NA,0,0,0,0,0,0,0,0,0
73,17,13240,0,0,0,0,0,0,0,0,0
73,13,NA,0,0,0,0,0,0,0,0,0
73,14,32103,0,0,0,0,0,0,0,0,0
73,15,484,0,0,0,0,0,0,0,0,0
73,13,NA,0,0,0,0,0,0,0,0,0
73,13,NA,27,12,5,3149,33,34,33,6,0
73,15,330,0,0,0,0,0,0,0,0,0
73,15,44491,208,0,1,14530,210,278,210,2,0
73,11,12487,22,11,12,1524,22,19,22,0,0
73,11,3674,3,3,1,366,3,5,3,0,0
73,17,NA,11,6,8,810,11,14,11,0,0
73,15,3591,23,4,3,2425,29,36,29,6,0
73,12,17908,17,12,3,2396,23,25,23,6,0
73,13,18901,51,6,5,3932,55,48,55,4,0
73,12,NA,49,43,4,5365,55,60,55,6,0
73,17,NA,0,0,0,0,0,0,0,0,0
74,11,NA,11,0,3,1260,19,17,19,8,1
74,12,324,0,0,0,0,0,0,0,0,0
74,15,46884,8,0,1,432,8,2,8,0,0
74,13,NA,3,3,1,366,3,5,3,0,0
74,12,324,5,4,2,486,5,6,5,0,0
74,16,NA,8,1,3,1088,14,13,14,6,0
74,13,NA,21,1,5,2873,25,23,25,4,0
75,13,193,8,0,6,801,10,9,10,2,1
75,15,8417,0,0,0,0,0,0,0,0,0
75,16,NA,33,3,8,3647,41,39,41,8,0
75,14,4721,4,3,2,432,4,6,4,0,0
75,13,324,23,14,7,2472,27,19,27,4,0
75,14,NA,39,18,14,4631,49,42,49,10,0
75,12,NA,0,0,0,0,0,0,0,0,0
75,15,NA,0,0,0,0,0,0,0,0,0
76,13,92183,10,4,5,780,10,7,10,0,0
76,15,12368,47,0,5,4544,55,57,55,8,0
76,12,324,26,19,4,3635,32,30,32,6,0
76,13,324,18,5,6,2032,24,19,24,6,0
76,12,9672,0,0,0,0,0,0,0,0,0
76,14,17721,0,0,0,0,0,0,0,0,0
77,15,324,5,5,3,498,5,8,5,0,0
77,13,NA,17,7,9,1206,17,15,17,0,0
77,14,324,6,3,4,564,6,7,6,0,0
77,14,NA,32,7,9,2445,34,36,34,2,0
77,14,22409,27,0,4,2403,31,30,31,4,0
77,13,63049,33,1,5,3244,43,40,43,10,0
77,14,NA,25,20,3,3591,31,31,31,6,0
78,10,23146,0,0,0,0,0,0,0,0,0
78,16,NA,11,1,3,1335,17,17,17,6,0
78,17,NA,0,0,0,0,0,0,0,0,0
78,11,NA,17,9,9,1594,17,18,17,0,0
78,15,13,8,0,3,528,8,2,8,0,0
78,16,9313,13,6,9,1026,13,14,13,0,0
78,13,28508,8,6,6,696,8,9,8,0,0
78,15,9,8,6,6,672,8,9,8,0,0
78,13,NA,39,35,2,5949,47,47,47,8,0
78,10,23144,36,3,10,2981,42,41,42,6,0
78,12,13707,19,6,4,2781,24,24,24,4,0
78,13,11,62,0,3,4725,66,65,66,4,0
78,12,NA,0,0,0,0,0,0,0,0,0
78,17,NA,0,0,0,0,0,0,0,0,0
78,16,2743,23,5,11,2106,27,31,27,4,0
79,13,1245,0,0,0,0,0,0,0,0,0
79,14,6748,0,0,0,0,0,0,0,0,0
79,14,NA,0,0,0,0,0,0,0,0,0
79,9,53420,0,0,0,0,0,0,0,0,0
79,15,46887,0,0,0,0,0,0,0,0,0
79,15,NA,6,3,4,564,6,8,6,0,0
79,16,11593,13,1,3,1763,19,19,19,6,0
79,15,NA,15,0,4,1301,17,7,17,2,0
80,16,7240,0,0,0,0,0,0,0,0,0
80,12,471,0,0,0,0,0,0,0,0,0
80,12,38149,41,0,5,3333,45,43,45,4,0
80,15,NA,0,0,0,0,0,0,0,0,0
80,13,NA,50,43,12,7282,60,57,60,10,0
80,17,8619,22,18,3,3156,22,15,22,0,0
80,14,324,5,4,2,498,5,7,5,0,0
80,13,NA,16,1,4,1739,20,20,20,4,0
80,11,324,33,10,8,3764,41,23,41,8,0
80,16,NA,0,0,0,0,0,0,0,0,0
80,13,11326,0,0,0,0,0,0,0,0,0
80,12,236,0,0,0,0,0,0,0,0,0
81,17,NA,0,0,0,0,0,2,0,0,1
81,17,NA,0,0,0,0,0,2,0,0,1
81,14,10527,75,8,16,7388,79,76,79,4,0
81,18,213,11,6,1,2088,15,15,15,4,0
81,16,324,2,2,1,276,2,3,2,0,0
81,15,NA,53,13,11,6257,61,64,61,8,0
81,13,324,16,1,2,2074,22,27,22,6,0
81,11,NA,23,2,6,2362,31,23,31,8,0
81,16,NA,15,0,3,1894,19,20,19,4,0
81,15,NA,17,0,3,2281,21,22,21,4,0
81,12,4897,47,3,8,3718,51,47,51,4,0
82,17,NA,0,0,0,0,0,2,0,0,1
82,17,NA,0,0,0,0,0,3,0,0,1
82,17,NA,0,0,0,0,0,2,0,0,1
82,17,NA,0,0,0,0,0,2,0,0,1
82,13,8521,8,3,6,696,8,9,8,0,0
82,17,324,5,4,2,498,5,6,5,0,0
82,14,NA,5,3,2,498,5,7,5,0,0
82,17,9101,20,6,5,2638,28,25,28,8,0
82,17,NA,3,0,1,488,5,6,5,2,0
82,13,324,31,26,6,3286,37,45,37,6,0
82,18,53520,45,2,5,3565,49,49,49,4,0
82,12,NA,0,0,0,0,0,0,0,0,0
82,14,NA,14,9,2,2200,20,18,20,6,0
83,17,NA,1,1,1,90,1,5,1,0,1
83,17,NA,0,0,0,0,0,0,0,0,0
83,11,NA,11,4,4,1278,17,16,17,6,0
83,16,NA,7,3,3,630,7,5,7,0,0
83,21,2034,22,8,7,1628,26,25,26,4,0
83,14,NA,24,10,4,3705,32,32,32,8,0
83,15,34930,29,0,3,2523,33,34,33,4,0
83,19,5866,9,0,3,1165,15,16,15,6,0
83,13,162,24,3,7,2676,28,20,28,4,0
83,17,46886,0,0,0,0,0,0,0,0,0
84,15,11323,25,0,5,2262,29,27,29,4,1
84,17,12773,0,0,0,0,0,0,0,0,0
84,12,23412,0,0,0,0,0,0,0,0,0
84,15,8326,0,0,0,0,0,0,0,0,0
84,14,NA,67,17,5,13331,73,70,73,6,0
84,14,11243,11,11,7,834,11,13,11,0,0
85,13,8364,37,0,8,3630,43,40,43,6,1
85,18,NA,0,0,0,0,0,0,0,0,0
85,12,NA,7,7,3,618,7,9,7,0,0
85,15,27976,7,7,3,582,7,9,7,0,0
86,15,NA,0,0,0,0,0,0,0,0,0
86,17,58,0,0,0,0,0,0,0,0,0
86,16,3500,30,8,9,2296,30,11,30,0,0
86,17,959,10,9,8,804,10,13,10,0,0
86,13,13747,20,0,2,2487,26,18,26,6,0
86,16,14291,67,4,10,6257,71,53,71,4,0
86,15,NA,10,0,2,2202,14,15,14,4,0
86,16,15108,0,0,0,0,0,0,0,0,0
87,17,NA,0,0,0,0,0,0,0,0,0
87,13,15187,26,22,1,4523,32,34,32,6,0
87,18,NA,8,5,5,660,8,10,8,0,0
87,15,9083,14,0,5,1482,20,18,20,6,0
87,14,324,17,6,10,1457,21,20,21,4,0
87,16,30824,17,9,2,3124,23,21,23,6,0
87,16,48831,0,0,0,0,0,0,0,0,0
88,14,257,0,0,0,0,0,0,0,0,0
88,15,411,12,4,9,936,12,14,12,0,0
88,17,9084,8,8,1,1008,8,8,8,0,0
88,17,NA,4,3,2,432,4,6,4,0,0
88,16,NA,30,0,4,3207,34,50,34,4,0
88,15,13776,20,2,8,2133,24,26,24,4,0
88,15,NA,11,3,4,1346,15,16,15,4,0
88,13,33799,84,32,4,7350,90,110,90,6,0
88,16,9083,0,0,0,0,0,0,0,0,0
89,18,NA,0,0,0,0,0,2,0,0,1
89,12,30193,25,13,8,1818,25,7,25,0,0
89,20,NA,4,3,2,432,4,4,4,0,0
89,16,NA,9,3,4,738,9,5,9,0,0
89,13,324,6,2,5,516,6,4,6,0,0
89,14,246324,7,6,2,786,7,7,7,0,0
89,16,0,6,3,2,564,6,4,6,0,0
89,17,37836,55,6,14,4155,59,53,59,4,0
89,15,19856,73,58,6,6789,79,89,79,6,0
89,20,NA,25,0,8,2200,29,30,29,4,0
90,15,NA,0,0,0,0,0,0,0,0,0
90,16,40605,7,4,4,630,7,9,7,0,0
90,17,392,7,3,3,606,7,4,7,0,0
90,17,NA,17,3,4,2162,23,24,23,6,0
90,16,19793,38,1,9,3432,42,48,42,4,0
90,17,NA,7,0,5,804,8,2,8,0,0
90,16,NA,0,0,0,0,0,0,0,0,0
91,17,38155,39,0,2,3223,43,41,43,4,0
91,14,9406,13,3,6,1591,17,15,17,4,0
91,19,20,0,0,0,0,0,0,0,0,0
92,19,5610,0,0,0,0,0,0,0,0,0
92,18,30285,0,0,0,0,0,0,0,0,0
92,17,9084,16,1,6,1607,22,18,22,6,0
92,18,11363,47,10,6,4576,55,52,55,8,0
92,15,37687,11,0,3,1358,17,16,17,6,0
92,16,38483,0,0,0,0,0,0,0,0,0
92,18,NA,0,0,0,0,0,0,0,0,0
93,19,NA,1,1,1,90,1,4,1,0,1
93,19,16479,41,28,6,5321,49,45,49,8,0
94,20,58,11,0,3,1260,19,17,19,8,1
94,19,NA,1,1,1,90,1,4,1,0,1
94,19,NA,0,0,0,0,0,3,0,0,1
94,19,8404,20,8,6,2976,26,23,26,6,0
95,19,NA,1,1,1,90,1,4,1,0,1
95,19,NA,1,1,1,90,1,5,1,0,1
95,14,6783,0,0,0,0,0,0,0,0,0
95,19,NA,0,0,0,0,0,0,0,0,0
95,19,162,12,2,3,1316,14,22,14,2,0
95,15,324,8,7,4,636,8,9,8,0,0
95,19,9,5,3,3,486,5,5,5,0,0
96,18,55367,0,0,0,0,0,0,0,0,0
96,15,9,0,0,0,0,0,0,0,0,0
96,19,NA,0,0,0,0,0,0,0,0,0
97,15,8755,3,0,2,198,3,6,3,0,1
97,15,8762,3,0,2,198,3,6,3,0,1
97,17,NA,43,0,2,3252,47,47,47,4,0
97,19,7778,19,3,4,1948,23,26,23,4,0
97,15,324,40,32,7,5024,46,37,46,6,0
98,19,324,0,0,0,0,0,0,0,0,0
98,16,NA,16,7,10,1176,16,16,16,0,0
98,18,NA,6,3,2,564,6,5,6,0,0
98,18,NA,44,17,11,5171,52,46,52,8,0
98,16,6730,22,10,9,2784,28,30,28,6,0
98,18,NA,21,3,6,2038,25,14,25,4,0
99,20,NA,0,0,0,0,0,2,0,0,1
99,20,NA,0,0,0,0,0,3,0,0,1
99,14,2743,0,0,0,0,0,0,0,0,0
99,16,12588,4,3,2,432,4,5,4,0,0
99,22,2346,19,5,5,2137,23,29,23,4,0
99,15,NA,20,2,6,2010,24,24,24,4,0
100,20,NA,2,1,2,132,2,4,2,0,1
100,20,NA,0,0,0,0,0,3,0,0,1
100,20,NA,0,0,0,0,0,3,0,0,1
100,20,NA,0,0,0,0,0,3,0,0,1
100,20,NA,0,0,0,0,0,3,0,0,1
100,20,NA,0,0,0,0,0,3,0,0,1
100,20,NA,0,0,0,0,0,2,0,0,1
100,20,NA,0,0,0,0,0,2,0,0,1
100,20,NA,0,0,0,0,0,2,0,0,1
100,20,NA,0,0,0,0,0,2,0,0,1
100,20,NA,1,0,1,66,1,3,1,0,1
100,20,NA,0,0,0,0,0,2,0,0,1
100,20,NA,0,0,0,0,0,2,0,0,1
100,20,NA,0,0,0,0,0,3,0,0,1
100,20,NA,0,0,0,0,0,3,0,0,1
100,20,NA,0,0,0,0,0,3,0,0,1
100,20,NA,0,0,0,0,0,2,0,0,1
100,20,NA,0,0,0,0,0,2,0,0,1
100,20,NA,1,0,1,66,1,3,1,0,1
100,20,NA,1,0,1,66,1,3,1,0,1
100,20,NA,1,0,1,66,1,3,1,0,1
100,20,NA,1,0,1,66,1,3,1,0,1
100,20,NA,0,0,0,0,0,3,0,0,1
100,20,NA,0,0,0,0,0,3,0,0,1
100,17,14060,35,9,12,2820,43,28,43,8,0
100,15,NA,8,3,5,660,8,13,8,0,0
100,19,5272,27,0,2,3458,29,27,29,2,0
101,21,NA,0,0,0,0,0,0,0,0,0
101,20,NA,45,40,4,4721,49,74,49,4,0
101,20,4678,32,9,6,3327,38,32,38,6,0
101,16,NA,5,2,3,474,5,3,5,0,0
101,20,11833,62,4,3,7415,68,72,68,6,0
101,18,27131,61,51,6,6027,69,76,69,8,0
101,19,54473,47,0,2,4104,51,84,51,4,0
101,15,7503,4,2,2,276,4,5,4,NA,0
102,16,NA,0,0,0,0,0,0,0,0,0
102,12,NA,0,0,0,0,0,0,0,0,0
102,20,9,0,0,0,0,0,0,0,0,0
102,17,NA,48,11,11,3684,54,53,54,6,0
102,18,24702,0,0,0,0,0,0,0,0,0
103,21,15591,0,0,0,0,0,0,0,0,0
103,17,15666,0,0,0,0,0,0,0,0,0
103,17,NA,0,0,0,0,0,0,0,0,0
103,16,NA,0,0,0,0,0,0,0,0,0
103,20,10843,0,0,0,0,0,0,0,0,0
104,17,9,0,0,0,0,0,0,0,0,0
104,16,257,4,3,2,432,4,5,4,0,0
104,18,NA,3,3,1,366,3,4,3,0,0
104,20,NA,14,3,11,1260,18,17,18,4,0
104,17,NA,0,0,0,0,0,0,0,0,0
105,20,11230,22,0,3,2790,26,26,26,4,1
105,21,26857,39,3,4,3238,43,44,43,4,0
105,17,14060,18,10,9,1212,18,11,18,0,0
105,22,NA,0,0,0,0,0,0,0,0,0
106,21,NA,0,0,0,0,0,0,0,0,0
106,18,65670,0,0,0,0,0,0,0,0,0
106,18,75176,7,5,5,630,7,8,7,0,0
106,19,324,18,13,4,3381,24,22,24,6,0
106,19,15058,54,3,5,5078,60,61,60,6,0
106,22,6298,0,0,0,0,0,0,0,0,0
107,23,25886,6,3,2,564,6,4,6,0,0
108,21,162,0,0,0,0,0,0,0,0,0
108,23,NA,9,0,3,1481,13,12,13,4,0
108,18,NA,28,20,1,4422,36,34,36,8,0
109,20,9,0,0,0,0,0,0,0,0,0
109,18,33481,0,0,0,0,0,0,0,0,0
110,21,42290,0,0,0,0,0,0,0,0,0
110,15,22264,8,4,3,822,12,13,12,4,0
111,22,12027,13,1,7,1524,17,12,17,4,0
112,19,NA,6,1,4,728,8,17,8,2,0
112,19,162,0,0,0,0,0,0,0,0,0
113,18,39517,0,0,0,0,0,0,0,0,0
113,21,16230,7,6,3,606,7,9,7,0,0
114,17,162,0,0,0,0,0,0,0,0,0
114,23,NA,4,2,3,396,4,4,4,0,0
114,19,NA,15,4,7,1062,15,11,15,0,0
114,18,36816,59,47,11,6945,71,71,71,12,0
115,18,NA,0,0,0,0,0,0,0,0,0
115,20,10315,13,3,3,1984,19,18,19,6,0
115,19,NA,47,10,10,4284,53,41,53,6,0
116,19,NA,0,0,0,0,0,0,0,0,0
116,18,324,24,0,4,2314,28,38,28,4,0
116,18,NA,23,17,8,1970,27,26,27,4,0
117,22,NA,21,6,5,2278,27,25,27,6,0
117,19,6804,20,0,1,4317,24,22,24,4,0
118,28,NA,10,2,6,970,14,11,14,4,0
118,23,NA,30,3,6,2624,34,33,34,4,0
120,20,324,73,0,3,5466,77,78,77,4,0
120,20,100163,15,2,6,1692,19,18,19,4,0
122,22,NA,0,0,0,0,0,2,0,0,1
122,23,NA,0,0,0,0,0,2,0,0,1
122,23,6121,23,18,8,2126,23,20,23,0,0
122,21,892,21,2,7,3425,23,16,23,2,0
123,24,NA,0,0,0,0,0,3,0,0,1
123,25,NA,0,0,0,0,0,2,0,0,1
123,18,73927,0,0,0,0,0,0,0,0,0
123,24,NA,95,89,9,7556,99,157,99,4,0
123,21,20,11,0,2,1344,15,13,15,4,0
123,21,5268,20,0,4,1675,22,6,22,2,0
124,23,NA,0,0,0,0,0,3,0,0,1
124,24,NA,0,0,0,0,0,2,0,0,1
125,20,NA,46,37,6,4871,50,56,50,4,0
126,25,NA,0,0,0,0,0,2,0,0,1
126,24,NA,0,0,0,0,0,2,0,0,1
126,23,NA,0,0,0,0,0,2,0,0,1
126,25,NA,0,0,0,0,0,3,0,0,1
126,22,NA,7,0,2,985,13,12,13,6,0
126,22,9032,2,2,1,356,2,4,2,0,0
126,19,6244,10,0,4,1368,16,15,16,6,0
128,25,29840,4,3,2,432,4,7,4,0,0
129,25,NA,0,0,0,0,0,2,0,0,1
129,18,52552,9,3,5,702,9,4,9,0,0
131,36,NA,16,5,6,1020,16,8,16,0,1
132,26,NA,0,0,0,0,0,3,0,0,1
132,27,NA,1,1,1,90,1,4,1,0,1
134,24,NA,0,0,0,0,0,2,0,0,1
135,26,NA,0,0,0,0,0,3,0,0,1
135,27,NA,0,0,0,0,0,2,0,0,1
135,26,NA,0,0,0,0,0,3,0,0,1
136,43,649263,0,0,0,0,0,0,0,0,0
137,25,345,0,0,0,0,0,0,0,0,0
139,21,35170,47,3,8,3718,51,47,51,4,0
140,26,NA,0,0,0,0,0,3,0,0,1
141,27,NA,0,0,0,0,0,3,0,0,1
141,24,NA,31,7,6,3925,39,35,39,8,0
141,30,NA,14,2,6,1649,16,19,16,2,0
142,22,3929,70,2,6,5398,74,68,74,4,0
143,26,NA,0,0,0,0,0,2,0,0,1
143,27,NA,0,0,0,0,0,2,0,0,1
143,22,374,6,5,2,564,6,7,6,0,0
144,21,14060,21,0,4,2854,25,17,25,4,0
145,26,NA,0,0,0,0,0,2,0,0,1
145,27,NA,0,0,0,0,0,3,0,0,1
145,29,NA,0,0,0,0,0,2,0,0,1
145,31,38361,10,3,3,1354,18,19,18,8,0
146,27,NA,0,0,0,0,0,3,0,0,1
146,28,NA,0,0,0,0,0,2,0,0,1
146,24,11833,29,20,8,4167,33,33,33,4,0
149,23,6748,0,0,0,0,0,0,0,0,0
150,26,NA,0,0,0,0,0,3,0,0,1
151,29,NA,0,0,0,0,0,3,0,0,1
154,21,11104,33,10,8,3764,41,23,41,8,0
156,31,NA,1,1,1,90,1,5,1,0,1
160,29,36829,19,3,7,2402,25,22,25,6,0
161,23,417,7,7,2,582,7,11,7,0,0
169,25,NA,6,3,4,552,6,9,6,0,0
170,17,NA,0,0,0,0,0,2,0,0,1
173,34,NA,1,1,1,90,1,5,1,0,1
178,16,NA,0,0,0,0,0,3,0,0,1
183,29,4890,22,2,7,2062,30,26,30,8,0
194,17,NA,0,0,0,0,0,3,0,0,1
194,16,NA,0,0,0,0,0,3,0,0,1
198,17,NA,0,0,0,0,0,2,0,0,1
201,34,8904,83,2,6,6631,87,89,87,4,0
234,34,NA,0,0,0,0,0,0,0,0,0
249,40,24435,19,6,11,2314,25,28,25,6,0